"category_group_id";"navigation_key"
"1951";"l2:5173edc4faebaec2d4bb224716182451"
"1954";"l2:aaf5dc11cf6158f173d39278b9400c25"
"1956";"l2:426cfb3ef2d5fad2207ed6ae75259890"
"1957";"l2:f061ddac7d77fad98face661df7c48cb"
"1958";"l2:401b6a23258305801e1d75f1034aba09"
"1959";"l2:aaf5dc11cf6158f173d39278b9400c25"
"1960";"l2:44c951619d07e0906376f6bb33390e4b"
"1961";"l2:4082c6571875c14469d160e451d101da"
"1962";"l2:c7c92a371fcabdde252180e314dd1361"
"1964";"l2:0e4f725353af2b3207736a4f411049fa"
"1965";"l2:63ae0445f9c5744275bc9dda64259332"
"1966";"l2:63857ca8f32a4d77245f2828b6974f41"
"1969";"l2:63ae0445f9c5744275bc9dda64259332"
"1971";"l2:5ce36a7213e3453574ac154cb47bf1e1"
"1972";"l2:aaf5dc11cf6158f173d39278b9400c25"
"1973";"l2:aaf5dc11cf6158f173d39278b9400c25"
"1974";"l2:eec5e628ad852f6ea0874095ebad0083"
"1979";"l2:e6e4e71ad6f58d471a34678087f33587"
"1980";"l2:401b6a23258305801e1d75f1034aba09"
"1981";"l2:401b6a23258305801e1d75f1034aba09"
"1982";"l2:5b325bba672c016560ddcc0c34b824be"
"1983";"l2:f061ddac7d77fad98face661df7c48cb"
"1984";"l2:833a354501a9142fdaae36c80b5e49ed"
"1985";"l2:e6e4e71ad6f58d471a34678087f33587"
"1986";"l2:833a354501a9142fdaae36c80b5e49ed"
"1987";"l2:833a354501a9142fdaae36c80b5e49ed"
"1988";"l2:501575868f7d0ff66e6a0864e9e742d6"
"1989";"l2:3cb84030d9e49bea8521fdec130e760b"
"1990";"l2:3cb84030d9e49bea8521fdec130e760b"
"1991";"l2:3cb84030d9e49bea8521fdec130e760b"
"1992";"l2:3cb84030d9e49bea8521fdec130e760b"
"1993";"l2:3cb84030d9e49bea8521fdec130e760b"
"1994";"l2:3cb84030d9e49bea8521fdec130e760b"
"1996";"l2:7eea96539d7a70b52c9bc87e5b9413af"
"1997";"l2:55bacd504c8dba26127b5c4e2a4cab39"
"1999";"l2:63ae0445f9c5744275bc9dda64259332"
"2000";"l2:1e400420f5dbe471d89073b4428f0c1e"
"2004";"l2:77b3016e7f5f694da0b253f67b605250"
"2005";"l2:0e4f725353af2b3207736a4f411049fa"
"2006";"l2:5b325bba672c016560ddcc0c34b824be"
"2007";"l2:0362b3348cac7db578dfd4fb8aac6546"
"2008";"l2:44c951619d07e0906376f6bb33390e4b"
"2009";"l2:4082c6571875c14469d160e451d101da"
"2010";"l2:7ed25a635a3ffc7c70885fa451cfbe07"
"2011";"l2:63857ca8f32a4d77245f2828b6974f41"
"2012";"l2:50b3cd926efc4dadaaa427431c50238e"
"2013";"l2:c7c92a371fcabdde252180e314dd1361"
"2014";"l2:c7c92a371fcabdde252180e314dd1361"
"2015";"l2:9d880ae125f28e8985f7c528418fec22"
"2016";"l2:48f93ce13165774db790cb2e2a0aaa2d"
"2017";"l2:9d880ae125f28e8985f7c528418fec22"
"2018";"l2:55bacd504c8dba26127b5c4e2a4cab39"
"2019";"l2:63857ca8f32a4d77245f2828b6974f41"
"2020";"l2:7eea96539d7a70b52c9bc87e5b9413af"
"2022";"l2:83bec6360aa3a1a2ddfee655b2f92349"
"2024";"l2:5ce36a7213e3453574ac154cb47bf1e1"
"2025";"l2:862696839c570a9df461a94542958138"
"2026";"l2:5b325bba672c016560ddcc0c34b824be"
"2027";"l2:fcaef5f9d0b0cbd29f93d44ec6aa7904"
"2028";"l2:862696839c570a9df461a94542958138"
"2030";"l2:862696839c570a9df461a94542958138"
"2032";"l2:55bacd504c8dba26127b5c4e2a4cab39"
"2033";"l2:05579f3554a3c6b8ea3a64a83ee1c924"
"2036";"l2:ff4fbac947e9f23281cae31420fa8cea"
"2037";"l2:776c34fd5a17b6a5289f248cd08b97eb"
"2038";"l2:8875de875c39a3f879dcd4dbf380e9e9"
"2039";"l2:776c34fd5a17b6a5289f248cd08b97eb"
"2040";"l2:81293ac445626b719462172ffbf5d674"
"2042";"l2:862696839c570a9df461a94542958138"
"2043";"l2:862696839c570a9df461a94542958138"
"2044";"l2:501575868f7d0ff66e6a0864e9e742d6"
"2045";"l2:37c4941790a3b15d08cfaaf2a9f01189"
"2046";"l2:37c4941790a3b15d08cfaaf2a9f01189"
"2047";"l2:37c4941790a3b15d08cfaaf2a9f01189"
"2049";"l2:501575868f7d0ff66e6a0864e9e742d6"
"2050";"l2:eec5e628ad852f6ea0874095ebad0083"
"2051";"l2:cae095a0b7807c477204058cfd04348b"
"2052";"l2:cae095a0b7807c477204058cfd04348b"
"2053";"l2:cae095a0b7807c477204058cfd04348b"
"2054";"l2:cae095a0b7807c477204058cfd04348b"
"2055";"l2:cae095a0b7807c477204058cfd04348b"
"2056";"l2:cae095a0b7807c477204058cfd04348b"
"2057";"l2:cae095a0b7807c477204058cfd04348b"
"2058";"l2:cae095a0b7807c477204058cfd04348b"
"2059";"l2:e86fcf96c42552b55ee331ec240b7ddd"
"2060";"l2:723db37aa6c72bf716e2a69fda165f91"
"2062";"l2:e86fcf96c42552b55ee331ec240b7ddd"
"2063";"l2:e86fcf96c42552b55ee331ec240b7ddd"
"2064";"l2:e86fcf96c42552b55ee331ec240b7ddd"
"2065";"l2:426cfb3ef2d5fad2207ed6ae75259890"
"2067";"l2:862696839c570a9df461a94542958138"
"2068";"l2:ef8984bacb41749524ac49330ad80ed5"
"2069";"l2:beb21372b447626c0b1bb46e2dbdbd76"
"2071";"l2:776c34fd5a17b6a5289f248cd08b97eb"
"2072";"l2:cae095a0b7807c477204058cfd04348b"
"2074";"l2:a091fb56fc122a3aacb94809af130bef"
"2076";"l2:c7c92a371fcabdde252180e314dd1361"
"2077";"l2:5b325bba672c016560ddcc0c34b824be"
"2078";"l2:aaf5dc11cf6158f173d39278b9400c25"
"2079";"l2:afc11d20511062ac43a8f9ba59c13980"
"2080";"l2:cad142d8dc8d88f66de6c73334978716"
"2081";"l2:0e4f725353af2b3207736a4f411049fa"
"2082";"l2:0e4f725353af2b3207736a4f411049fa"
"2083";"l2:0e4f725353af2b3207736a4f411049fa"
"2085";"l2:0e4f725353af2b3207736a4f411049fa"
"2086";"l2:0e4f725353af2b3207736a4f411049fa"
"2088";"l2:fcaef5f9d0b0cbd29f93d44ec6aa7904"
"2089";"l2:401b6a23258305801e1d75f1034aba09"
"2090";"l2:862696839c570a9df461a94542958138"
"2091";"l2:e4fc1cb69b47da9614df6c2773bca02e"
"2092";"l2:e4fc1cb69b47da9614df6c2773bca02e"
"2093";"l2:0e4f725353af2b3207736a4f411049fa"
"2095";"l2:05579f3554a3c6b8ea3a64a83ee1c924"
"2096";"l2:05579f3554a3c6b8ea3a64a83ee1c924"
"2097";"l2:8875de875c39a3f879dcd4dbf380e9e9"
"2098";"l2:ed610ff9ef664652e8c22d9fc7d070ab"
"2099";"l2:ed610ff9ef664652e8c22d9fc7d070ab"
"2100";"l2:0362b3348cac7db578dfd4fb8aac6546"
"2101";"l2:9d880ae125f28e8985f7c528418fec22"
"2102";"l2:afc11d20511062ac43a8f9ba59c13980"
"2104";"l2:63ae0445f9c5744275bc9dda64259332"
"2105";"l2:cad142d8dc8d88f66de6c73334978716"
"2107";"l2:63ae0445f9c5744275bc9dda64259332"
"2108";"l2:83bec6360aa3a1a2ddfee655b2f92349"
"2109";"l2:9e8315bda9b3e44f88eaa59da551cae9"
"2110";"l2:afc11d20511062ac43a8f9ba59c13980"
"2114";"l2:fcaef5f9d0b0cbd29f93d44ec6aa7904"
"2115";"l2:afc11d20511062ac43a8f9ba59c13980"
"2116";"l2:aaf5dc11cf6158f173d39278b9400c25"
"2117";"l2:e86fcf96c42552b55ee331ec240b7ddd"
"2118";"l2:cae095a0b7807c477204058cfd04348b"
"2119";"l2:48f93ce13165774db790cb2e2a0aaa2d"
"2120";"l2:8875de875c39a3f879dcd4dbf380e9e9"
"2121";"l2:44c951619d07e0906376f6bb33390e4b"
"2123";"l2:d6581afbdfd5af29cb5aad8639f0202f"
"2124";"l2:aaf5dc11cf6158f173d39278b9400c25"
"2126";"l2:04b6ac94dd2517d37e633a7c1e5b4f2a"
"2127";"l2:04b6ac94dd2517d37e633a7c1e5b4f2a"
"2128";"l2:99dec16b0fef68f83e07ea00d173aad1"
"2129";"l2:48f93ce13165774db790cb2e2a0aaa2d"
"2130";"l2:a05854c634afdb4ee8258352a8cdd79a"
"2131";"l2:11446e5ee38647c0a0ec30906698429a"
"2132";"l2:aaf5dc11cf6158f173d39278b9400c25"
"2133";"l2:aaf5dc11cf6158f173d39278b9400c25"
"2134";"l2:aaf5dc11cf6158f173d39278b9400c25"
"2135";"l2:a69c3c8242dd32c7e3467be534bf6701"
"2136";"l2:a69c3c8242dd32c7e3467be534bf6701"
"2138";"l2:0ca8bf949a1f1593acf13847ce266012"
"2139";"l2:a69c3c8242dd32c7e3467be534bf6701"
"2140";"l2:7f799c30673f8250c94c148546388c81"
"2141";"l2:a69c3c8242dd32c7e3467be534bf6701"
"2143";"l2:a69c3c8242dd32c7e3467be534bf6701"
"2144";"l2:a69c3c8242dd32c7e3467be534bf6701"
"2145";"l2:5ce36a7213e3453574ac154cb47bf1e1"
"2146";"l2:cad142d8dc8d88f66de6c73334978716"
"2147";"l2:cad142d8dc8d88f66de6c73334978716"
"2148";"l2:cad142d8dc8d88f66de6c73334978716"
"2149";"l2:c7c92a371fcabdde252180e314dd1361"
"2150";"l2:c7c92a371fcabdde252180e314dd1361"
"2151";"l2:aaf5dc11cf6158f173d39278b9400c25"
"2152";"l2:81e32422502160a277259537ca1f971a"
"2153";"l2:cae095a0b7807c477204058cfd04348b"
"2154";"l2:cae095a0b7807c477204058cfd04348b"
"2156";"l2:5c6d387bdede4b0abeed71ed78f1b0cb"
"2158";"l2:401b6a23258305801e1d75f1034aba09"
"2160";"l2:63ae0445f9c5744275bc9dda64259332"
"2161";"l2:aaf5dc11cf6158f173d39278b9400c25"
"2162";"l2:f5dda07456ad5772d4958dd560d11e15"
"2164";"l2:f5dda07456ad5772d4958dd560d11e15"
"2165";"l2:0362b3348cac7db578dfd4fb8aac6546"
"2166";"l2:8875de875c39a3f879dcd4dbf380e9e9"
"2167";"l2:ed610ff9ef664652e8c22d9fc7d070ab"
"2168";"l2:0362b3348cac7db578dfd4fb8aac6546"
"2169";"l2:5b325bba672c016560ddcc0c34b824be"
"2170";"l2:5b325bba672c016560ddcc0c34b824be"
"2171";"l2:5b325bba672c016560ddcc0c34b824be"
"2172";"l2:63ae0445f9c5744275bc9dda64259332"
"2173";"l2:0e4f725353af2b3207736a4f411049fa"
"2175";"l2:e6e4e71ad6f58d471a34678087f33587"
"2178";"l2:041600fc8cb70a30fe57a1e3841a2eb6"
"2180";"l2:aaf5dc11cf6158f173d39278b9400c25"
"2182";"l2:76b939c2cb64bf9953c7dcdc836dec19"
"2183";"l2:19381e2d33c742f3226123a473617c74"
"2184";"l2:5ce36a7213e3453574ac154cb47bf1e1"
"2186";"l2:5ce36a7213e3453574ac154cb47bf1e1"
"2187";"l2:5ce36a7213e3453574ac154cb47bf1e1"
"2188";"l2:5ce36a7213e3453574ac154cb47bf1e1"
"2189";"l2:5ce36a7213e3453574ac154cb47bf1e1"
"2190";"l2:eec5e628ad852f6ea0874095ebad0083"
"2191";"l2:11446e5ee38647c0a0ec30906698429a"
"2192";"l2:0e4f725353af2b3207736a4f411049fa"
"2193";"l2:afc11d20511062ac43a8f9ba59c13980"
"2194";"l2:44c951619d07e0906376f6bb33390e4b"
"2195";"l2:c7c92a371fcabdde252180e314dd1361"
"2197";"l2:eec5e628ad852f6ea0874095ebad0083"
"2198";"l2:eec5e628ad852f6ea0874095ebad0083"
"2199";"l2:eec5e628ad852f6ea0874095ebad0083"
"2201";"l2:401b6a23258305801e1d75f1034aba09"
"2202";"l2:401b6a23258305801e1d75f1034aba09"
"2203";"l2:401b6a23258305801e1d75f1034aba09"
"2204";"l2:401b6a23258305801e1d75f1034aba09"
"2205";"l2:5173edc4faebaec2d4bb224716182451"
"2206";"l2:5173edc4faebaec2d4bb224716182451"
"2208";"l2:f061ddac7d77fad98face661df7c48cb"
"2209";"l2:0362b3348cac7db578dfd4fb8aac6546"
"2211";"l2:eaa48324c5da49a370b4efff3b47e0f8"
"2212";"l2:e6e4e71ad6f58d471a34678087f33587"
"2214";"l2:83bec6360aa3a1a2ddfee655b2f92349"
"2215";"l2:aaf5dc11cf6158f173d39278b9400c25"
"2216";"l2:3eb86d3d8a84e6e429d0f36884c16221"
"2217";"l2:e6e4e71ad6f58d471a34678087f33587"
"2218";"l2:e6e4e71ad6f58d471a34678087f33587"
"2219";"l2:e6e4e71ad6f58d471a34678087f33587"
"2220";"l2:e6e4e71ad6f58d471a34678087f33587"
"2221";"l2:e6e4e71ad6f58d471a34678087f33587"
"2222";"l2:e6e4e71ad6f58d471a34678087f33587"
"2223";"l2:e6e4e71ad6f58d471a34678087f33587"
"2224";"l2:e6e4e71ad6f58d471a34678087f33587"
"2225";"l2:401b6a23258305801e1d75f1034aba09"
"2226";"l2:9e8315bda9b3e44f88eaa59da551cae9"
"2228";"l2:995132561fd2e1decca44c07fb0a534a"
"2229";"l2:0362b3348cac7db578dfd4fb8aac6546"
"2230";"l2:8253be0365f3aa43ca917a0b0d0705bd"
"2231";"l2:0362b3348cac7db578dfd4fb8aac6546"
"2232";"l2:50b3cd926efc4dadaaa427431c50238e"
"2233";"l2:426cfb3ef2d5fad2207ed6ae75259890"
"2234";"l2:11446e5ee38647c0a0ec30906698429a"
"2236";"l2:50b3cd926efc4dadaaa427431c50238e"
"2237";"l2:50b3cd926efc4dadaaa427431c50238e"
"2238";"l2:50b3cd926efc4dadaaa427431c50238e"
"2239";"l2:50b3cd926efc4dadaaa427431c50238e"
"2240";"l2:f061ddac7d77fad98face661df7c48cb"
"2241";"l2:afc11d20511062ac43a8f9ba59c13980"
"2242";"l2:510b389e4f4630bbc07024a54e95cb27"
"2243";"l2:5ce36a7213e3453574ac154cb47bf1e1"
"2244";"l2:5ce36a7213e3453574ac154cb47bf1e1"
"2245";"l2:5ce36a7213e3453574ac154cb47bf1e1"
"2246";"l2:5ce36a7213e3453574ac154cb47bf1e1"
"2247";"l2:e6e4e71ad6f58d471a34678087f33587"
"2248";"l2:862696839c570a9df461a94542958138"
"2249";"l2:0e4f725353af2b3207736a4f411049fa"
"2250";"l2:0ca8bf949a1f1593acf13847ce266012"
"2251";"l2:862696839c570a9df461a94542958138"
"2252";"l2:5b325bba672c016560ddcc0c34b824be"
"2255";"l2:80ee221b64cb09f73132e38104f9c9f6"
"2260";"l2:80ee221b64cb09f73132e38104f9c9f6"
"2261";"l2:80ee221b64cb09f73132e38104f9c9f6"
"2262";"l2:2652b18bc313c1a08d99d74fd15b5409"
"2263";"l2:776c34fd5a17b6a5289f248cd08b97eb"
"2264";"l2:776c34fd5a17b6a5289f248cd08b97eb"
"2265";"l2:50b3cd926efc4dadaaa427431c50238e"
"2266";"l2:5b325bba672c016560ddcc0c34b824be"
"2267";"l2:8875de875c39a3f879dcd4dbf380e9e9"
"2268";"l2:9e8315bda9b3e44f88eaa59da551cae9"
"2270";"l2:5ce36a7213e3453574ac154cb47bf1e1"
"2272";"l2:862696839c570a9df461a94542958138"
"2273";"l2:5ce36a7213e3453574ac154cb47bf1e1"
"2274";"l2:ed610ff9ef664652e8c22d9fc7d070ab"
"2275";"l2:50b3cd926efc4dadaaa427431c50238e"
"2278";"l2:401b6a23258305801e1d75f1034aba09"
"2279";"l2:f061ddac7d77fad98face661df7c48cb"
"2280";"l2:c9f9c5936f65b074468509925a8c6cc8"
"2281";"l2:63ae0445f9c5744275bc9dda64259332"
"2282";"l2:aaf5dc11cf6158f173d39278b9400c25"
"2283";"l2:aaf5dc11cf6158f173d39278b9400c25"
"2284";"l2:aaf5dc11cf6158f173d39278b9400c25"
"2285";"l2:946c3191ef59c830883f7dee2f706176"
"2287";"l2:8875de875c39a3f879dcd4dbf380e9e9"
"2288";"l2:63ae0445f9c5744275bc9dda64259332"
"2289";"l2:04b6ac94dd2517d37e633a7c1e5b4f2a"
"2290";"l2:04b6ac94dd2517d37e633a7c1e5b4f2a"
"2291";"l2:04b6ac94dd2517d37e633a7c1e5b4f2a"
"2292";"l2:aaf5dc11cf6158f173d39278b9400c25"
"2293";"l2:aaf5dc11cf6158f173d39278b9400c25"
"2294";"l2:c7c92a371fcabdde252180e314dd1361"
"2295";"l2:63ae0445f9c5744275bc9dda64259332"
"2296";"l2:01428f6ca807a5f1b533b709025c0337"
"2297";"l2:ef8984bacb41749524ac49330ad80ed5"
"2298";"l2:c7c92a371fcabdde252180e314dd1361"
"2300";"l2:c7c92a371fcabdde252180e314dd1361"
"2301";"l2:c7c92a371fcabdde252180e314dd1361"
"2303";"l2:c7c92a371fcabdde252180e314dd1361"
"2304";"l2:c7c92a371fcabdde252180e314dd1361"
"2305";"l2:c7c92a371fcabdde252180e314dd1361"
"2306";"l2:c7c92a371fcabdde252180e314dd1361"
"2307";"l2:c7c92a371fcabdde252180e314dd1361"
"2309";"l2:eec5e628ad852f6ea0874095ebad0083"
"2310";"l2:f061ddac7d77fad98face661df7c48cb"
"2311";"l2:63ae0445f9c5744275bc9dda64259332"
"2314";"l2:946c3191ef59c830883f7dee2f706176"
"2315";"l2:3cb84030d9e49bea8521fdec130e760b"
"2316";"l2:ed610ff9ef664652e8c22d9fc7d070ab"
"2317";"l2:11446e5ee38647c0a0ec30906698429a"
"2319";"l2:83bec6360aa3a1a2ddfee655b2f92349"
"2321";"l2:5ce36a7213e3453574ac154cb47bf1e1"
"2322";"l2:5ce36a7213e3453574ac154cb47bf1e1"
"2323";"l2:3cb84030d9e49bea8521fdec130e760b"
"2324";"l2:50b3cd926efc4dadaaa427431c50238e"
"2325";"l2:927b725df732e4ac69eab043807688ff"
"2326";"l2:81293ac445626b719462172ffbf5d674"
"2327";"l2:f061ddac7d77fad98face661df7c48cb"
"2328";"l2:55bacd504c8dba26127b5c4e2a4cab39"
"2329";"l2:0362b3348cac7db578dfd4fb8aac6546"
"2330";"l2:37c4941790a3b15d08cfaaf2a9f01189"
"2331";"l2:63ae0445f9c5744275bc9dda64259332"
"2332";"l2:862696839c570a9df461a94542958138"
"2333";"l2:81293ac445626b719462172ffbf5d674"
"2334";"l2:f4d7b5e5bce6b398bbec052c6a7d913d"
"2335";"l2:f061ddac7d77fad98face661df7c48cb"
"2336";"l2:5ce36a7213e3453574ac154cb47bf1e1"
"2337";"l2:83bec6360aa3a1a2ddfee655b2f92349"
"2338";"l2:afc11d20511062ac43a8f9ba59c13980"
"2339";"l2:501575868f7d0ff66e6a0864e9e742d6"
"2340";"l2:ed610ff9ef664652e8c22d9fc7d070ab"
"2342";"l2:5b325bba672c016560ddcc0c34b824be"
"2343";"l2:e4fc1cb69b47da9614df6c2773bca02e"
"2344";"l2:776c34fd5a17b6a5289f248cd08b97eb"
"2345";"l2:776c34fd5a17b6a5289f248cd08b97eb"
"2346";"l2:44c951619d07e0906376f6bb33390e4b"
"2347";"l2:5b325bba672c016560ddcc0c34b824be"
"2348";"l2:501575868f7d0ff66e6a0864e9e742d6"
"2350";"l2:862696839c570a9df461a94542958138"
"2352";"l2:e6e4e71ad6f58d471a34678087f33587"
"2353";"l2:aaf5dc11cf6158f173d39278b9400c25"
"2354";"l2:aaf5dc11cf6158f173d39278b9400c25"
"2355";"l2:c9f9c5936f65b074468509925a8c6cc8"
"2356";"l2:f061ddac7d77fad98face661df7c48cb"
"2357";"l2:f061ddac7d77fad98face661df7c48cb"
"2358";"l2:776c34fd5a17b6a5289f248cd08b97eb"
"2359";"l2:7eea96539d7a70b52c9bc87e5b9413af"
"2360";"l2:aaf5dc11cf6158f173d39278b9400c25"
"2361";"l2:8119bac8831ddd677de551a363d4d1a2"
"2363";"l2:11446e5ee38647c0a0ec30906698429a"
"2364";"l2:862696839c570a9df461a94542958138"
"2366";"l2:862696839c570a9df461a94542958138"
"2367";"l2:862696839c570a9df461a94542958138"
"2368";"l2:723db37aa6c72bf716e2a69fda165f91"
"2369";"l2:401b6a23258305801e1d75f1034aba09"
"2370";"l2:05579f3554a3c6b8ea3a64a83ee1c924"
"2371";"l2:0e4f725353af2b3207736a4f411049fa"
"2372";"l2:946c3191ef59c830883f7dee2f706176"
"2373";"l2:946c3191ef59c830883f7dee2f706176"
"2374";"l2:946c3191ef59c830883f7dee2f706176"
"2375";"l2:946c3191ef59c830883f7dee2f706176"
"2376";"l2:946c3191ef59c830883f7dee2f706176"
"2377";"l2:946c3191ef59c830883f7dee2f706176"
"2378";"l2:946c3191ef59c830883f7dee2f706176"
"2379";"l2:946c3191ef59c830883f7dee2f706176"
"2380";"l2:946c3191ef59c830883f7dee2f706176"
"2381";"l2:946c3191ef59c830883f7dee2f706176"
"2382";"l2:946c3191ef59c830883f7dee2f706176"
"2383";"l2:946c3191ef59c830883f7dee2f706176"
"2384";"l2:946c3191ef59c830883f7dee2f706176"
"2385";"l2:946c3191ef59c830883f7dee2f706176"
"2386";"l2:946c3191ef59c830883f7dee2f706176"
"2387";"l2:946c3191ef59c830883f7dee2f706176"
"2388";"l2:946c3191ef59c830883f7dee2f706176"
"2389";"l2:946c3191ef59c830883f7dee2f706176"
"2390";"l2:946c3191ef59c830883f7dee2f706176"
"2391";"l2:946c3191ef59c830883f7dee2f706176"
"2393";"l2:63ae0445f9c5744275bc9dda64259332"
"2394";"l2:37c4941790a3b15d08cfaaf2a9f01189"
"2397";"l2:501575868f7d0ff66e6a0864e9e742d6"
"2399";"l2:5ce36a7213e3453574ac154cb47bf1e1"
"2400";"l2:ed610ff9ef664652e8c22d9fc7d070ab"
"2401";"l2:401b6a23258305801e1d75f1034aba09"
"2402";"l2:0362b3348cac7db578dfd4fb8aac6546"
"2404";"l2:e86fcf96c42552b55ee331ec240b7ddd"
"2406";"l2:aaf5dc11cf6158f173d39278b9400c25"
"2407";"l2:48f93ce13165774db790cb2e2a0aaa2d"
"2408";"l2:5ce36a7213e3453574ac154cb47bf1e1"
"2409";"l2:eec5e628ad852f6ea0874095ebad0083"
"2410";"l2:e6e4e71ad6f58d471a34678087f33587"
"2412";"l2:5ce36a7213e3453574ac154cb47bf1e1"
"2413";"l2:5ce36a7213e3453574ac154cb47bf1e1"
"2414";"l2:5ce36a7213e3453574ac154cb47bf1e1"
"2416";"l2:5ce36a7213e3453574ac154cb47bf1e1"
"2417";"l2:5ce36a7213e3453574ac154cb47bf1e1"
"2418";"l2:5ce36a7213e3453574ac154cb47bf1e1"
"2419";"l2:5ce36a7213e3453574ac154cb47bf1e1"
"2421";"l2:8875de875c39a3f879dcd4dbf380e9e9"
"2423";"l2:9e8315bda9b3e44f88eaa59da551cae9"
"2424";"l2:50b3cd926efc4dadaaa427431c50238e"
"2425";"l2:50b3cd926efc4dadaaa427431c50238e"
"2428";"l2:63857ca8f32a4d77245f2828b6974f41"
"2429";"l2:0362b3348cac7db578dfd4fb8aac6546"
"2430";"l2:44c951619d07e0906376f6bb33390e4b"
"2431";"l2:8119bac8831ddd677de551a363d4d1a2"
"2432";"l2:ed610ff9ef664652e8c22d9fc7d070ab"
"2433";"l2:ed610ff9ef664652e8c22d9fc7d070ab"
"2434";"l2:b43ba8b80b3d3df7064a42a74e28af87"
"2435";"l2:ed610ff9ef664652e8c22d9fc7d070ab"
"2438";"l2:e6e4e71ad6f58d471a34678087f33587"
"2440";"l2:5ce36a7213e3453574ac154cb47bf1e1"
"2443";"l2:48f93ce13165774db790cb2e2a0aaa2d"
"2444";"l2:3cb84030d9e49bea8521fdec130e760b"
"2445";"l2:afc11d20511062ac43a8f9ba59c13980"
"2448";"l2:afc11d20511062ac43a8f9ba59c13980"
"2449";"l2:afc11d20511062ac43a8f9ba59c13980"
"2450";"l2:63ae0445f9c5744275bc9dda64259332"
"2451";"l2:81293ac445626b719462172ffbf5d674"
"2453";"l2:b625e48d2790c68f90517eb81dc1b17e"
"2454";"l2:81293ac445626b719462172ffbf5d674"
"2455";"l2:81293ac445626b719462172ffbf5d674"
"2456";"l2:81293ac445626b719462172ffbf5d674"
"2457";"l2:81293ac445626b719462172ffbf5d674"
"2458";"l2:81293ac445626b719462172ffbf5d674"
"2459";"l2:0362b3348cac7db578dfd4fb8aac6546"
"2460";"l2:5ce36a7213e3453574ac154cb47bf1e1"
"2461";"l2:5ce36a7213e3453574ac154cb47bf1e1"
"2462";"l2:5ce36a7213e3453574ac154cb47bf1e1"
"2463";"l2:401b6a23258305801e1d75f1034aba09"
"2464";"l2:48f93ce13165774db790cb2e2a0aaa2d"
"2465";"l2:19381e2d33c742f3226123a473617c74"
"2467";"l2:19381e2d33c742f3226123a473617c74"
"2469";"l2:81293ac445626b719462172ffbf5d674"
"2471";"l2:55bacd504c8dba26127b5c4e2a4cab39"
"2473";"l2:ed610ff9ef664652e8c22d9fc7d070ab"
"2474";"l2:ed610ff9ef664652e8c22d9fc7d070ab"
"2475";"l2:ed610ff9ef664652e8c22d9fc7d070ab"
"2476";"l2:8875de875c39a3f879dcd4dbf380e9e9"
"2477";"l2:382f29ab829bb9848d138b1f797b0428"
"2478";"l2:f061ddac7d77fad98face661df7c48cb"
"2479";"l2:501575868f7d0ff66e6a0864e9e742d6"
"2480";"l2:aaf5dc11cf6158f173d39278b9400c25"
"2482";"l2:11446e5ee38647c0a0ec30906698429a"
"2483";"l2:36d88b95dbcfb50c1266974b6f00e588"
"2484";"l2:5ce36a7213e3453574ac154cb47bf1e1"
"2486";"l2:ed610ff9ef664652e8c22d9fc7d070ab"
"2489";"l2:ed610ff9ef664652e8c22d9fc7d070ab"
"2490";"l2:81293ac445626b719462172ffbf5d674"
"2491";"l2:48f93ce13165774db790cb2e2a0aaa2d"
"2493";"l2:a05854c634afdb4ee8258352a8cdd79a"
"2494";"l2:48f93ce13165774db790cb2e2a0aaa2d"
"2495";"l2:5b325bba672c016560ddcc0c34b824be"
"2496";"l2:63ae0445f9c5744275bc9dda64259332"
"2497";"l2:48f93ce13165774db790cb2e2a0aaa2d"
"2498";"l2:ed610ff9ef664652e8c22d9fc7d070ab"
"2499";"l2:e86fcf96c42552b55ee331ec240b7ddd"
"2500";"l2:afc11d20511062ac43a8f9ba59c13980"
"2501";"l2:ed610ff9ef664652e8c22d9fc7d070ab"
"2502";"l2:0362b3348cac7db578dfd4fb8aac6546"
"2504";"l2:382f29ab829bb9848d138b1f797b0428"
"2505";"l2:501575868f7d0ff66e6a0864e9e742d6"
"2506";"l2:80ee221b64cb09f73132e38104f9c9f6"
"2507";"l2:6f0a0693e68a1338f3b096265bb9e611"
"2508";"l2:6f0a0693e68a1338f3b096265bb9e611"
"2509";"l2:99dec16b0fef68f83e07ea00d173aad1"
"2510";"l2:99dec16b0fef68f83e07ea00d173aad1"
"2511";"l2:99dec16b0fef68f83e07ea00d173aad1"
"2512";"l2:99dec16b0fef68f83e07ea00d173aad1"
"2514";"l2:05579f3554a3c6b8ea3a64a83ee1c924"
"2515";"l2:36d88b95dbcfb50c1266974b6f00e588"
"2518";"l2:833a354501a9142fdaae36c80b5e49ed"
"2520";"l2:8253be0365f3aa43ca917a0b0d0705bd"
"2522";"l2:8253be0365f3aa43ca917a0b0d0705bd"
"2523";"l2:8253be0365f3aa43ca917a0b0d0705bd"
"2525";"l2:36d88b95dbcfb50c1266974b6f00e588"
"2526";"l2:36d88b95dbcfb50c1266974b6f00e588"
"2528";"l2:36d88b95dbcfb50c1266974b6f00e588"
"2530";"l2:ed610ff9ef664652e8c22d9fc7d070ab"
"2531";"l2:995132561fd2e1decca44c07fb0a534a"
"2532";"l2:48f93ce13165774db790cb2e2a0aaa2d"
"2533";"l2:862696839c570a9df461a94542958138"
"2534";"l2:862696839c570a9df461a94542958138"
"2536";"l2:ef8984bacb41749524ac49330ad80ed5"
"2537";"l2:ef8984bacb41749524ac49330ad80ed5"
"2538";"l2:ed610ff9ef664652e8c22d9fc7d070ab"
"2539";"l2:1c15b116b4425bf983335c0444c4cda2"
"2540";"l2:5b325bba672c016560ddcc0c34b824be"
"2542";"l2:0362b3348cac7db578dfd4fb8aac6546"
"2543";"l2:ed610ff9ef664652e8c22d9fc7d070ab"
"2544";"l2:ed610ff9ef664652e8c22d9fc7d070ab"
"2545";"l2:ed610ff9ef664652e8c22d9fc7d070ab"
"2550";"l2:862696839c570a9df461a94542958138"
"2551";"l2:5ce36a7213e3453574ac154cb47bf1e1"
"2553";"l2:2652b18bc313c1a08d99d74fd15b5409"
"2555";"l2:ef8984bacb41749524ac49330ad80ed5"
"2557";"l2:11446e5ee38647c0a0ec30906698429a"
"2558";"l2:11446e5ee38647c0a0ec30906698429a"
"2559";"l2:11446e5ee38647c0a0ec30906698429a"
"2560";"l2:776c34fd5a17b6a5289f248cd08b97eb"
"2561";"l2:0362b3348cac7db578dfd4fb8aac6546"
"2562";"l2:aaf5dc11cf6158f173d39278b9400c25"
"2563";"l2:63ae0445f9c5744275bc9dda64259332"
"2564";"l2:cad142d8dc8d88f66de6c73334978716"
"2565";"l2:81293ac445626b719462172ffbf5d674"
"2566";"l2:36d88b95dbcfb50c1266974b6f00e588"
"2567";"l2:8875de875c39a3f879dcd4dbf380e9e9"
"2568";"l2:19381e2d33c742f3226123a473617c74"
"2569";"l2:ed610ff9ef664652e8c22d9fc7d070ab"
"2571";"l2:401b6a23258305801e1d75f1034aba09"
"2572";"l2:1c15b116b4425bf983335c0444c4cda2"
"2573";"l2:0e4f725353af2b3207736a4f411049fa"
"2574";"l2:0e4f725353af2b3207736a4f411049fa"
"2575";"l2:50b3cd926efc4dadaaa427431c50238e"
"2576";"l2:ed610ff9ef664652e8c22d9fc7d070ab"
"2577";"l2:ed610ff9ef664652e8c22d9fc7d070ab"
"2580";"l2:0362b3348cac7db578dfd4fb8aac6546"
"2581";"l2:8119bac8831ddd677de551a363d4d1a2"
"2582";"l2:8119bac8831ddd677de551a363d4d1a2"
"2584";"l2:48f93ce13165774db790cb2e2a0aaa2d"
"2586";"l2:81293ac445626b719462172ffbf5d674"
"2587";"l2:aaf5dc11cf6158f173d39278b9400c25"
"2588";"l2:e86fcf96c42552b55ee331ec240b7ddd"
"2589";"l2:5173edc4faebaec2d4bb224716182451"
"2590";"l2:e6e4e71ad6f58d471a34678087f33587"
"2591";"l2:ed610ff9ef664652e8c22d9fc7d070ab"
"2593";"l2:63ae0445f9c5744275bc9dda64259332"
"2594";"l2:e4fc1cb69b47da9614df6c2773bca02e"
"2595";"l2:e4fc1cb69b47da9614df6c2773bca02e"
"2596";"l2:e4fc1cb69b47da9614df6c2773bca02e"
"2597";"l2:e4fc1cb69b47da9614df6c2773bca02e"
"2598";"l2:e4fc1cb69b47da9614df6c2773bca02e"
"2599";"l2:e4fc1cb69b47da9614df6c2773bca02e"
"2601";"l2:e4fc1cb69b47da9614df6c2773bca02e"
"2602";"l2:e4fc1cb69b47da9614df6c2773bca02e"
"2605";"l2:63ae0445f9c5744275bc9dda64259332"
"2606";"l2:9d880ae125f28e8985f7c528418fec22"
"2608";"l2:e6e4e71ad6f58d471a34678087f33587"
"2609";"l2:19381e2d33c742f3226123a473617c74"
"2610";"l2:0e4f725353af2b3207736a4f411049fa"
"2611";"l2:aaf5dc11cf6158f173d39278b9400c25"
"2612";"l2:ed610ff9ef664652e8c22d9fc7d070ab"
"2613";"l2:f061ddac7d77fad98face661df7c48cb"
"2614";"l2:afc11d20511062ac43a8f9ba59c13980"
"2615";"l2:ed610ff9ef664652e8c22d9fc7d070ab"
"2617";"l2:36d88b95dbcfb50c1266974b6f00e588"
"2620";"l2:a091fb56fc122a3aacb94809af130bef"
"2622";"l2:afc11d20511062ac43a8f9ba59c13980"
"2623";"l2:afc11d20511062ac43a8f9ba59c13980"
"2624";"l2:afc11d20511062ac43a8f9ba59c13980"
"2626";"l2:afc11d20511062ac43a8f9ba59c13980"
"2632";"l2:e6e4e71ad6f58d471a34678087f33587"
"2635";"l2:776c34fd5a17b6a5289f248cd08b97eb"
"2638";"l2:aaf5dc11cf6158f173d39278b9400c25"
"2639";"l2:401b6a23258305801e1d75f1034aba09"
"2640";"l2:401b6a23258305801e1d75f1034aba09"
"2641";"l2:9e8315bda9b3e44f88eaa59da551cae9"
"2642";"l2:afc11d20511062ac43a8f9ba59c13980"
"2643";"l2:a69c3c8242dd32c7e3467be534bf6701"
"2645";"l2:44c951619d07e0906376f6bb33390e4b"
"2646";"l2:44c951619d07e0906376f6bb33390e4b"
"2647";"l2:44c951619d07e0906376f6bb33390e4b"
"2649";"l2:44c951619d07e0906376f6bb33390e4b"
"2650";"l2:44c951619d07e0906376f6bb33390e4b"
"2651";"l2:44c951619d07e0906376f6bb33390e4b"
"2652";"l2:19381e2d33c742f3226123a473617c74"
"2653";"l2:aaf5dc11cf6158f173d39278b9400c25"
"2655";"l2:0362b3348cac7db578dfd4fb8aac6546"
"2656";"l2:ef8984bacb41749524ac49330ad80ed5"
"2658";"l2:6f0a0693e68a1338f3b096265bb9e611"
"2659";"l2:a69c3c8242dd32c7e3467be534bf6701"
"2660";"l2:48f93ce13165774db790cb2e2a0aaa2d"
"2661";"l2:ed610ff9ef664652e8c22d9fc7d070ab"
"2662";"l2:aaf5dc11cf6158f173d39278b9400c25"
"2663";"l2:723db37aa6c72bf716e2a69fda165f91"
"2664";"l2:5ce36a7213e3453574ac154cb47bf1e1"
"2666";"l2:e86fcf96c42552b55ee331ec240b7ddd"
"2667";"l2:426cfb3ef2d5fad2207ed6ae75259890"
"2669";"l2:0e4f725353af2b3207736a4f411049fa"
"2670";"l2:ed610ff9ef664652e8c22d9fc7d070ab"
"2671";"l2:36d88b95dbcfb50c1266974b6f00e588"
"2672";"l2:63ae0445f9c5744275bc9dda64259332"
"2673";"l2:aaf5dc11cf6158f173d39278b9400c25"
"2674";"l2:0362b3348cac7db578dfd4fb8aac6546"
"2676";"l2:776c34fd5a17b6a5289f248cd08b97eb"
"2678";"l2:55bacd504c8dba26127b5c4e2a4cab39"
"2679";"l2:9d880ae125f28e8985f7c528418fec22"
"2680";"l2:0362b3348cac7db578dfd4fb8aac6546"
"2681";"l2:81293ac445626b719462172ffbf5d674"
"2682";"l2:5ce36a7213e3453574ac154cb47bf1e1"
"2683";"l2:e6e4e71ad6f58d471a34678087f33587"
"2684";"l2:81293ac445626b719462172ffbf5d674"
"2686";"l2:6f0a0693e68a1338f3b096265bb9e611"
"2687";"l2:1c15b116b4425bf983335c0444c4cda2"
"2689";"l2:862696839c570a9df461a94542958138"
"2691";"l2:ef8984bacb41749524ac49330ad80ed5"
"2692";"l2:36d88b95dbcfb50c1266974b6f00e588"
"2693";"l2:36d88b95dbcfb50c1266974b6f00e588"
"2694";"l2:5ce36a7213e3453574ac154cb47bf1e1"
"2695";"l2:5b325bba672c016560ddcc0c34b824be"
"2698";"l2:19381e2d33c742f3226123a473617c74"
"2699";"l2:83bec6360aa3a1a2ddfee655b2f92349"
"2700";"l2:ed610ff9ef664652e8c22d9fc7d070ab"
"2701";"l2:0362b3348cac7db578dfd4fb8aac6546"
"2702";"l2:e4fc1cb69b47da9614df6c2773bca02e"
"2703";"l2:776c34fd5a17b6a5289f248cd08b97eb"
"2704";"l2:44c951619d07e0906376f6bb33390e4b"
"2705";"l2:5b325bba672c016560ddcc0c34b824be"
"2706";"l2:5b325bba672c016560ddcc0c34b824be"
"2707";"l2:5b325bba672c016560ddcc0c34b824be"
"2708";"l2:5b325bba672c016560ddcc0c34b824be"
"2709";"l2:0362b3348cac7db578dfd4fb8aac6546"
"2710";"l2:36d88b95dbcfb50c1266974b6f00e588"
"2712";"l2:48f93ce13165774db790cb2e2a0aaa2d"
"2714";"l2:99dec16b0fef68f83e07ea00d173aad1"
"2716";"l2:81293ac445626b719462172ffbf5d674"
"2718";"l2:501575868f7d0ff66e6a0864e9e742d6"
"2719";"l2:501575868f7d0ff66e6a0864e9e742d6"
"2720";"l2:0362b3348cac7db578dfd4fb8aac6546"
"2722";"l2:ed610ff9ef664652e8c22d9fc7d070ab"
"2723";"l2:ed610ff9ef664652e8c22d9fc7d070ab"
"2724";"l2:1c15b116b4425bf983335c0444c4cda2"
"2725";"l2:d176ed57050728dd60744338c79da1d1"
"2726";"l2:d176ed57050728dd60744338c79da1d1"
"2727";"l2:d176ed57050728dd60744338c79da1d1"
"2728";"l2:d176ed57050728dd60744338c79da1d1"
"2730";"l2:8875de875c39a3f879dcd4dbf380e9e9"
"2731";"l2:8875de875c39a3f879dcd4dbf380e9e9"
"2732";"l2:44c951619d07e0906376f6bb33390e4b"
"2733";"l2:44c951619d07e0906376f6bb33390e4b"
"2734";"l2:44c951619d07e0906376f6bb33390e4b"
"2735";"l2:44c951619d07e0906376f6bb33390e4b"
"2736";"l2:48f93ce13165774db790cb2e2a0aaa2d"
"2737";"l2:d176ed57050728dd60744338c79da1d1"
"2738";"l2:ed610ff9ef664652e8c22d9fc7d070ab"
"2739";"l2:aaf5dc11cf6158f173d39278b9400c25"
"2740";"l2:0362b3348cac7db578dfd4fb8aac6546"
"2741";"l2:81293ac445626b719462172ffbf5d674"
"2742";"l2:ed610ff9ef664652e8c22d9fc7d070ab"
"2743";"l2:11446e5ee38647c0a0ec30906698429a"
"2744";"l2:63ae0445f9c5744275bc9dda64259332"
"2745";"l2:401b6a23258305801e1d75f1034aba09"
"2746";"l2:aaf5dc11cf6158f173d39278b9400c25"
"2747";"l2:ed610ff9ef664652e8c22d9fc7d070ab"
"2749";"l2:e86fcf96c42552b55ee331ec240b7ddd"
"2750";"l2:19381e2d33c742f3226123a473617c74"
"2751";"l2:5ce36a7213e3453574ac154cb47bf1e1"
"2753";"l2:ed610ff9ef664652e8c22d9fc7d070ab"
"2755";"l2:63857ca8f32a4d77245f2828b6974f41"
"2756";"l2:80ee221b64cb09f73132e38104f9c9f6"
"2760";"l2:63ae0445f9c5744275bc9dda64259332"
"2761";"l2:aaf5dc11cf6158f173d39278b9400c25"
"2762";"l2:aaf5dc11cf6158f173d39278b9400c25"
"2763";"l2:eec5e628ad852f6ea0874095ebad0083"
"2764";"l2:0e4f725353af2b3207736a4f411049fa"
"2765";"l2:e86fcf96c42552b55ee331ec240b7ddd"
"2766";"l2:8b8cf61b487e9de8d97ca6681317c6f7"
"2768";"l2:401b6a23258305801e1d75f1034aba09"
"2769";"l2:1c15b116b4425bf983335c0444c4cda2"
"2770";"l2:eaa48324c5da49a370b4efff3b47e0f8"
"2771";"l2:eaa48324c5da49a370b4efff3b47e0f8"
"2772";"l2:eaa48324c5da49a370b4efff3b47e0f8"
"2773";"l2:eaa48324c5da49a370b4efff3b47e0f8"
"2774";"l2:eaa48324c5da49a370b4efff3b47e0f8"
"2775";"l2:eaa48324c5da49a370b4efff3b47e0f8"
"2776";"l2:eaa48324c5da49a370b4efff3b47e0f8"
"2777";"l2:a69c3c8242dd32c7e3467be534bf6701"
"2778";"l2:a69c3c8242dd32c7e3467be534bf6701"
"2779";"l2:a69c3c8242dd32c7e3467be534bf6701"
"2780";"l2:76b939c2cb64bf9953c7dcdc836dec19"
"2781";"l2:76b939c2cb64bf9953c7dcdc836dec19"
"2782";"l2:76b939c2cb64bf9953c7dcdc836dec19"
"2787";"l2:63ae0445f9c5744275bc9dda64259332"
"2788";"l2:0362b3348cac7db578dfd4fb8aac6546"
"2790";"l2:e6e4e71ad6f58d471a34678087f33587"
"2791";"l2:e86fcf96c42552b55ee331ec240b7ddd"
"2792";"l2:ed610ff9ef664652e8c22d9fc7d070ab"
"2794";"l2:a05854c634afdb4ee8258352a8cdd79a"
"2795";"l2:d19ff8597afde1296337d424165a500b"
"2798";"l2:05579f3554a3c6b8ea3a64a83ee1c924"
"2799";"l2:01428f6ca807a5f1b533b709025c0337"
"2800";"l2:ef8984bacb41749524ac49330ad80ed5"
"2802";"l2:ed610ff9ef664652e8c22d9fc7d070ab"
"2803";"l2:11446e5ee38647c0a0ec30906698429a"
"2804";"l2:ef8984bacb41749524ac49330ad80ed5"
"2805";"l2:862696839c570a9df461a94542958138"
"2806";"l2:862696839c570a9df461a94542958138"
"2807";"l2:862696839c570a9df461a94542958138"
"2808";"l2:862696839c570a9df461a94542958138"
"2810";"l2:06b4d5d5c558a8a95b10fa69d3809ec2"
"2811";"l2:06b4d5d5c558a8a95b10fa69d3809ec2"
"2812";"l2:995132561fd2e1decca44c07fb0a534a"
"2813";"l2:0ca8bf949a1f1593acf13847ce266012"
"2814";"l2:862696839c570a9df461a94542958138"
"2815";"l2:cad142d8dc8d88f66de6c73334978716"
"2816";"l2:aaf5dc11cf6158f173d39278b9400c25"
"2818";"l2:5b325bba672c016560ddcc0c34b824be"
"2819";"l2:f061ddac7d77fad98face661df7c48cb"
"2820";"l2:5b325bba672c016560ddcc0c34b824be"
"2821";"l2:c9f9c5936f65b074468509925a8c6cc8"
"2822";"l2:48f93ce13165774db790cb2e2a0aaa2d"
"2824";"l2:a69c3c8242dd32c7e3467be534bf6701"
"2826";"l2:81293ac445626b719462172ffbf5d674"
"2827";"l2:5173edc4faebaec2d4bb224716182451"
"2829";"l2:ff4fbac947e9f23281cae31420fa8cea"
"2830";"l2:ff4fbac947e9f23281cae31420fa8cea"
"2832";"l2:ff4fbac947e9f23281cae31420fa8cea"
"2833";"l2:0362b3348cac7db578dfd4fb8aac6546"
"2835";"l2:0362b3348cac7db578dfd4fb8aac6546"
"2836";"l2:a05854c634afdb4ee8258352a8cdd79a"
"2837";"l2:d9d0a3425ad9e7455d2739f02cf06e25"
"2838";"l2:0362b3348cac7db578dfd4fb8aac6546"
"2839";"l2:55bacd504c8dba26127b5c4e2a4cab39"
"2840";"l2:0362b3348cac7db578dfd4fb8aac6546"
"2841";"l2:77721a6a3085fcdd9847674cba8ba486"
"2842";"l2:05579f3554a3c6b8ea3a64a83ee1c924"
"2843";"l2:83bec6360aa3a1a2ddfee655b2f92349"
"2845";"l2:63ae0445f9c5744275bc9dda64259332"
"2846";"l2:5ce36a7213e3453574ac154cb47bf1e1"
"2847";"l2:ed610ff9ef664652e8c22d9fc7d070ab"
"2848";"l2:80ee221b64cb09f73132e38104f9c9f6"
"2850";"l2:ed610ff9ef664652e8c22d9fc7d070ab"
"2851";"l2:862696839c570a9df461a94542958138"
"2852";"l2:ed610ff9ef664652e8c22d9fc7d070ab"
"2853";"l2:862696839c570a9df461a94542958138"
"2854";"l2:ed610ff9ef664652e8c22d9fc7d070ab"
"2855";"l2:63ae0445f9c5744275bc9dda64259332"
"2856";"l2:862696839c570a9df461a94542958138"
"2858";"l2:81293ac445626b719462172ffbf5d674"
"2861";"l2:f061ddac7d77fad98face661df7c48cb"
"2862";"l2:f061ddac7d77fad98face661df7c48cb"
"2863";"l2:81293ac445626b719462172ffbf5d674"
"2865";"l2:81293ac445626b719462172ffbf5d674"
"2866";"l2:862696839c570a9df461a94542958138"
"2868";"l2:81293ac445626b719462172ffbf5d674"
"2869";"l2:862696839c570a9df461a94542958138"
"2871";"l2:5ce36a7213e3453574ac154cb47bf1e1"
"2872";"l2:81293ac445626b719462172ffbf5d674"
"2873";"l2:862696839c570a9df461a94542958138"
"2874";"l2:ed610ff9ef664652e8c22d9fc7d070ab"
"2875";"l2:81293ac445626b719462172ffbf5d674"
"2876";"l2:ef8984bacb41749524ac49330ad80ed5"
"2877";"l2:55bacd504c8dba26127b5c4e2a4cab39"
"2878";"l2:ef8984bacb41749524ac49330ad80ed5"
"2879";"l2:05579f3554a3c6b8ea3a64a83ee1c924"
"2880";"l2:ed610ff9ef664652e8c22d9fc7d070ab"
"2882";"l2:0362b3348cac7db578dfd4fb8aac6546"
"2883";"l2:5ce36a7213e3453574ac154cb47bf1e1"
"2884";"l2:401b6a23258305801e1d75f1034aba09"
"2885";"l2:401b6a23258305801e1d75f1034aba09"
"2886";"l2:01428f6ca807a5f1b533b709025c0337"
"2887";"l2:ed610ff9ef664652e8c22d9fc7d070ab"
"2888";"l2:01428f6ca807a5f1b533b709025c0337"
"2889";"l2:5b325bba672c016560ddcc0c34b824be"
"2890";"l2:50b3cd926efc4dadaaa427431c50238e"
"2891";"l2:862696839c570a9df461a94542958138"
"2893";"l2:63ae0445f9c5744275bc9dda64259332"
"2894";"l2:0ca8bf949a1f1593acf13847ce266012"
"2895";"l2:833a354501a9142fdaae36c80b5e49ed"
"2896";"l2:afc11d20511062ac43a8f9ba59c13980"
"2897";"l2:e86fcf96c42552b55ee331ec240b7ddd"
"2898";"l2:5ce36a7213e3453574ac154cb47bf1e1"
"2899";"l2:e86fcf96c42552b55ee331ec240b7ddd"
"2900";"l2:ed610ff9ef664652e8c22d9fc7d070ab"
"2901";"l2:0e4f725353af2b3207736a4f411049fa"
"2903";"l2:3cb84030d9e49bea8521fdec130e760b"
"2904";"l2:98f2eee38bc864478dcd3aae3e1518d6"
"2906";"l2:862696839c570a9df461a94542958138"
"2909";"l2:1c15b116b4425bf983335c0444c4cda2"
"2910";"l2:946c3191ef59c830883f7dee2f706176"
"2911";"l2:501575868f7d0ff66e6a0864e9e742d6"
"2912";"l2:946c3191ef59c830883f7dee2f706176"
"2913";"l2:401b6a23258305801e1d75f1034aba09"
"2914";"l2:401b6a23258305801e1d75f1034aba09"
"2916";"l2:01428f6ca807a5f1b533b709025c0337"
"2917";"l2:01428f6ca807a5f1b533b709025c0337"
"2918";"l2:01428f6ca807a5f1b533b709025c0337"
"2921";"l2:afc11d20511062ac43a8f9ba59c13980"
"2922";"l2:1e400420f5dbe471d89073b4428f0c1e"
"2924";"l2:ff4fbac947e9f23281cae31420fa8cea"
"2925";"l2:aaf5dc11cf6158f173d39278b9400c25"
"2926";"l2:e86fcf96c42552b55ee331ec240b7ddd"
"2928";"l2:5b325bba672c016560ddcc0c34b824be"
"2929";"l2:3cb84030d9e49bea8521fdec130e760b"
"2930";"l2:5b325bba672c016560ddcc0c34b824be"
"2931";"l2:0ca8bf949a1f1593acf13847ce266012"
"2932";"l2:eec5e628ad852f6ea0874095ebad0083"
"2933";"l2:5b325bba672c016560ddcc0c34b824be"
"2935";"l2:5b325bba672c016560ddcc0c34b824be"
"2936";"l2:ed610ff9ef664652e8c22d9fc7d070ab"
"2937";"l2:e86fcf96c42552b55ee331ec240b7ddd"
"2938";"l2:1c15b116b4425bf983335c0444c4cda2"
"2939";"l2:5ce36a7213e3453574ac154cb47bf1e1"
"2940";"l2:aaf5dc11cf6158f173d39278b9400c25"
"2941";"l2:44c951619d07e0906376f6bb33390e4b"
"2942";"l2:7eea96539d7a70b52c9bc87e5b9413af"
"2943";"l2:9e8315bda9b3e44f88eaa59da551cae9"
"2944";"l2:401b6a23258305801e1d75f1034aba09"
"2945";"l2:81fc31159a8680a30eda0c671c242808"
"2946";"l2:05579f3554a3c6b8ea3a64a83ee1c924"
"2947";"l2:05579f3554a3c6b8ea3a64a83ee1c924"
"2948";"l2:05579f3554a3c6b8ea3a64a83ee1c924"
"2949";"l2:9d880ae125f28e8985f7c528418fec22"
"2950";"l2:48f93ce13165774db790cb2e2a0aaa2d"
"2951";"l2:36d88b95dbcfb50c1266974b6f00e588"
"2952";"l2:8253be0365f3aa43ca917a0b0d0705bd"
"2953";"l2:aaf5dc11cf6158f173d39278b9400c25"
"2954";"l2:aaf5dc11cf6158f173d39278b9400c25"
"2955";"l2:fcaef5f9d0b0cbd29f93d44ec6aa7904"
"2956";"l2:0e4f725353af2b3207736a4f411049fa"
"2960";"l2:ed610ff9ef664652e8c22d9fc7d070ab"
"2961";"l2:6b31d30e201e6713a7c7a1883f9fc6ef"
"2962";"l2:5ce36a7213e3453574ac154cb47bf1e1"
"2963";"l2:50b3cd926efc4dadaaa427431c50238e"
"2964";"l2:ed610ff9ef664652e8c22d9fc7d070ab"
"2966";"l2:63ae0445f9c5744275bc9dda64259332"
"2967";"l2:ed610ff9ef664652e8c22d9fc7d070ab"
"2968";"l2:11446e5ee38647c0a0ec30906698429a"
"2969";"l2:862696839c570a9df461a94542958138"
"2970";"l2:862696839c570a9df461a94542958138"
"2971";"l2:aaf5dc11cf6158f173d39278b9400c25"
"2972";"l2:55bacd504c8dba26127b5c4e2a4cab39"
"2973";"l2:5ce36a7213e3453574ac154cb47bf1e1"
"2974";"l2:e6e4e71ad6f58d471a34678087f33587"
"2975";"l2:ed610ff9ef664652e8c22d9fc7d070ab"
"2976";"l2:041600fc8cb70a30fe57a1e3841a2eb6"
"2979";"l2:8875de875c39a3f879dcd4dbf380e9e9"
"2980";"l2:f061ddac7d77fad98face661df7c48cb"
"2981";"l2:d176ed57050728dd60744338c79da1d1"
"2982";"l2:862696839c570a9df461a94542958138"
"2983";"l2:862696839c570a9df461a94542958138"
"2984";"l2:e86fcf96c42552b55ee331ec240b7ddd"
"2985";"l2:ef8984bacb41749524ac49330ad80ed5"
"2986";"l2:78fb67d5b6a6851fe05deebe801e992a"
"2987";"l2:5b325bba672c016560ddcc0c34b824be"
"2988";"l2:f061ddac7d77fad98face661df7c48cb"
"2990";"l2:927b725df732e4ac69eab043807688ff"
"2991";"l2:19381e2d33c742f3226123a473617c74"
"2992";"l2:bbecd12a200f2a1bbb835b532f5b3d94"
"2993";"l2:bbecd12a200f2a1bbb835b532f5b3d94"
"2994";"l2:bbecd12a200f2a1bbb835b532f5b3d94"
"2995";"l2:bbecd12a200f2a1bbb835b532f5b3d94"
"2996";"l2:37c4941790a3b15d08cfaaf2a9f01189"
"2997";"l2:81293ac445626b719462172ffbf5d674"
"2998";"l2:33a5e44855393f3a89f13b32c20f05b9"
"2999";"l2:401b6a23258305801e1d75f1034aba09"
"3001";"l2:50b3cd926efc4dadaaa427431c50238e"
"3003";"l2:ed610ff9ef664652e8c22d9fc7d070ab"
"3005";"l2:19381e2d33c742f3226123a473617c74"
"3006";"l2:833a354501a9142fdaae36c80b5e49ed"
"3007";"l2:501575868f7d0ff66e6a0864e9e742d6"
"3008";"l2:7d7d5732fdb6ae229c1f89612da51998"
"3009";"l2:7498957b12bfb6f4a69e3df49ff9d37f"
"3010";"l2:5ce36a7213e3453574ac154cb47bf1e1"
"3012";"l2:36d88b95dbcfb50c1266974b6f00e588"
"3014";"l2:aaf5dc11cf6158f173d39278b9400c25"
"3015";"l2:aaf5dc11cf6158f173d39278b9400c25"
"3016";"l2:e4fc1cb69b47da9614df6c2773bca02e"
"3017";"l2:ed610ff9ef664652e8c22d9fc7d070ab"
"3018";"l2:c9f9c5936f65b074468509925a8c6cc8"
"3019";"l2:63ae0445f9c5744275bc9dda64259332"
"3020";"l2:c9f9c5936f65b074468509925a8c6cc8"
"3021";"l2:c9f9c5936f65b074468509925a8c6cc8"
"3023";"l2:c9f9c5936f65b074468509925a8c6cc8"
"3024";"l2:041600fc8cb70a30fe57a1e3841a2eb6"
"3027";"l2:36d88b95dbcfb50c1266974b6f00e588"
"3031";"l2:c7c92a371fcabdde252180e314dd1361"
"3032";"l2:11446e5ee38647c0a0ec30906698429a"
"3034";"l2:55bacd504c8dba26127b5c4e2a4cab39"
"3035";"l2:81293ac445626b719462172ffbf5d674"
"3038";"l2:ed610ff9ef664652e8c22d9fc7d070ab"
"3039";"l2:ed610ff9ef664652e8c22d9fc7d070ab"
"3040";"l2:83bec6360aa3a1a2ddfee655b2f92349"
"3042";"l2:ff4fbac947e9f23281cae31420fa8cea"
"3043";"l2:ff4fbac947e9f23281cae31420fa8cea"
"3044";"l2:ff4fbac947e9f23281cae31420fa8cea"
"3045";"l2:63ae0445f9c5744275bc9dda64259332"
"3046";"l2:ff4fbac947e9f23281cae31420fa8cea"
"3047";"l2:63ae0445f9c5744275bc9dda64259332"
"3049";"l2:5b325bba672c016560ddcc0c34b824be"
"3050";"l2:e6e4e71ad6f58d471a34678087f33587"
"3051";"l2:3cb84030d9e49bea8521fdec130e760b"
"3054";"l2:33a5e44855393f3a89f13b32c20f05b9"
"3055";"l2:33a5e44855393f3a89f13b32c20f05b9"
"3057";"l2:501575868f7d0ff66e6a0864e9e742d6"
"3058";"l2:5ce36a7213e3453574ac154cb47bf1e1"
"3059";"l2:50b3cd926efc4dadaaa427431c50238e"
"3060";"l2:041600fc8cb70a30fe57a1e3841a2eb6"
"3061";"l2:5ce36a7213e3453574ac154cb47bf1e1"
"3063";"l2:401b6a23258305801e1d75f1034aba09"
"3065";"l2:81293ac445626b719462172ffbf5d674"
"3067";"l2:81293ac445626b719462172ffbf5d674"
"3068";"l2:aaf5dc11cf6158f173d39278b9400c25"
"3069";"l2:a05854c634afdb4ee8258352a8cdd79a"
"3072";"l2:8875de875c39a3f879dcd4dbf380e9e9"
"3073";"l2:8875de875c39a3f879dcd4dbf380e9e9"
"3074";"l2:8875de875c39a3f879dcd4dbf380e9e9"
"3075";"l2:8875de875c39a3f879dcd4dbf380e9e9"
"3077";"l2:8875de875c39a3f879dcd4dbf380e9e9"
"3078";"l2:ed610ff9ef664652e8c22d9fc7d070ab"
"3079";"l2:36d88b95dbcfb50c1266974b6f00e588"
"3080";"l2:5b325bba672c016560ddcc0c34b824be"
"3081";"l2:9d880ae125f28e8985f7c528418fec22"
"3082";"l2:401b6a23258305801e1d75f1034aba09"
"3083";"l2:2652b18bc313c1a08d99d74fd15b5409"
"3087";"l2:50b3cd926efc4dadaaa427431c50238e"
"3088";"l2:50b3cd926efc4dadaaa427431c50238e"
"3089";"l2:50b3cd926efc4dadaaa427431c50238e"
"3092";"l2:55bacd504c8dba26127b5c4e2a4cab39"
"3094";"l2:401b6a23258305801e1d75f1034aba09"
"3096";"l2:5b325bba672c016560ddcc0c34b824be"
"3097";"l2:0362b3348cac7db578dfd4fb8aac6546"
"3099";"l2:8253be0365f3aa43ca917a0b0d0705bd"
"3101";"l2:8253be0365f3aa43ca917a0b0d0705bd"
"3102";"l2:88255560be27af022816bb2e174752ad"
"3103";"l2:8253be0365f3aa43ca917a0b0d0705bd"
"3104";"l2:ed610ff9ef664652e8c22d9fc7d070ab"
"3105";"l2:5b325bba672c016560ddcc0c34b824be"
"3107";"l2:862696839c570a9df461a94542958138"
"3108";"l2:0e4f725353af2b3207736a4f411049fa"
"3109";"l2:0e4f725353af2b3207736a4f411049fa"
"3110";"l2:88255560be27af022816bb2e174752ad"
"3111";"l2:88255560be27af022816bb2e174752ad"
"3112";"l2:88255560be27af022816bb2e174752ad"
"3114";"l2:cad142d8dc8d88f66de6c73334978716"
"3115";"l2:cad142d8dc8d88f66de6c73334978716"
"3117";"l2:a05854c634afdb4ee8258352a8cdd79a"
"3118";"l2:0362b3348cac7db578dfd4fb8aac6546"
"3119";"l2:ed610ff9ef664652e8c22d9fc7d070ab"
"3122";"l2:48f93ce13165774db790cb2e2a0aaa2d"
"3123";"l2:81293ac445626b719462172ffbf5d674"
"3126";"l2:ed610ff9ef664652e8c22d9fc7d070ab"
"3127";"l2:77721a6a3085fcdd9847674cba8ba486"
"3128";"l2:041600fc8cb70a30fe57a1e3841a2eb6"
"3129";"l2:99dec16b0fef68f83e07ea00d173aad1"
"3130";"l2:ed610ff9ef664652e8c22d9fc7d070ab"
"3131";"l2:7d7d5732fdb6ae229c1f89612da51998"
"3132";"l2:aaf5dc11cf6158f173d39278b9400c25"
"3133";"l2:5ce36a7213e3453574ac154cb47bf1e1"
"3134";"l2:501575868f7d0ff66e6a0864e9e742d6"
"3137";"l2:e6e4e71ad6f58d471a34678087f33587"
"3138";"l2:426cfb3ef2d5fad2207ed6ae75259890"
"3139";"l2:81293ac445626b719462172ffbf5d674"
"3141";"l2:401b6a23258305801e1d75f1034aba09"
"3142";"l2:41c96fcd1a5380dde2636378b562d565"
"3143";"l2:ed610ff9ef664652e8c22d9fc7d070ab"
"3146";"l2:99dec16b0fef68f83e07ea00d173aad1"
"3147";"l2:8875de875c39a3f879dcd4dbf380e9e9"
"3148";"l2:401b6a23258305801e1d75f1034aba09"
"3150";"l2:50b3cd926efc4dadaaa427431c50238e"
"3151";"l2:8875de875c39a3f879dcd4dbf380e9e9"
"3152";"l2:ed610ff9ef664652e8c22d9fc7d070ab"
"3153";"l2:0362b3348cac7db578dfd4fb8aac6546"
"3157";"l2:7d7d5732fdb6ae229c1f89612da51998"
"3158";"l2:19381e2d33c742f3226123a473617c74"
"3160";"l2:19381e2d33c742f3226123a473617c74"
"3161";"l2:19381e2d33c742f3226123a473617c74"
"3162";"l2:5ce36a7213e3453574ac154cb47bf1e1"
"3164";"l2:7d7d5732fdb6ae229c1f89612da51998"
"3165";"l2:7d7d5732fdb6ae229c1f89612da51998"
"3166";"l2:48f93ce13165774db790cb2e2a0aaa2d"
"3167";"l2:7498957b12bfb6f4a69e3df49ff9d37f"
"3168";"l2:48f93ce13165774db790cb2e2a0aaa2d"
"3169";"l2:a05854c634afdb4ee8258352a8cdd79a"
"3170";"l2:0e4f725353af2b3207736a4f411049fa"
"3171";"l2:81293ac445626b719462172ffbf5d674"
"3172";"l2:1e400420f5dbe471d89073b4428f0c1e"
"3174";"l2:501575868f7d0ff66e6a0864e9e742d6"
"3175";"l2:77721a6a3085fcdd9847674cba8ba486"
"3176";"l2:99dec16b0fef68f83e07ea00d173aad1"
"3178";"l2:36d88b95dbcfb50c1266974b6f00e588"
"3179";"l2:833a354501a9142fdaae36c80b5e49ed"
"3180";"l2:833a354501a9142fdaae36c80b5e49ed"
"3181";"l2:833a354501a9142fdaae36c80b5e49ed"
"3183";"l2:382f29ab829bb9848d138b1f797b0428"
"3184";"l2:382f29ab829bb9848d138b1f797b0428"
"3185";"l2:5b325bba672c016560ddcc0c34b824be"
"3186";"l2:382f29ab829bb9848d138b1f797b0428"
"3187";"l2:382f29ab829bb9848d138b1f797b0428"
"3189";"l2:44c951619d07e0906376f6bb33390e4b"
"3192";"l2:401b6a23258305801e1d75f1034aba09"
"3193";"l2:5ce36a7213e3453574ac154cb47bf1e1"
"3197";"l2:80ee221b64cb09f73132e38104f9c9f6"
"3199";"l2:cad142d8dc8d88f66de6c73334978716"
"3200";"l2:cad142d8dc8d88f66de6c73334978716"
"3201";"l2:eec5e628ad852f6ea0874095ebad0083"
"3202";"l2:eec5e628ad852f6ea0874095ebad0083"
"3203";"l2:eec5e628ad852f6ea0874095ebad0083"
"3204";"l2:e6e4e71ad6f58d471a34678087f33587"
"3205";"l2:e6e4e71ad6f58d471a34678087f33587"
"3208";"l2:862696839c570a9df461a94542958138"
"3210";"l2:0362b3348cac7db578dfd4fb8aac6546"
"3211";"l2:aaf5dc11cf6158f173d39278b9400c25"
"3214";"l2:5173edc4faebaec2d4bb224716182451"
"3215";"l2:3cb84030d9e49bea8521fdec130e760b"
"3216";"l2:0362b3348cac7db578dfd4fb8aac6546"
"3217";"l2:c7c92a371fcabdde252180e314dd1361"
"3218";"l2:19381e2d33c742f3226123a473617c74"
"3219";"l2:9e8315bda9b3e44f88eaa59da551cae9"
"3220";"l2:ed610ff9ef664652e8c22d9fc7d070ab"
"3222";"l2:aaf5dc11cf6158f173d39278b9400c25"
"3223";"l2:e6e4e71ad6f58d471a34678087f33587"
"3224";"l2:63ae0445f9c5744275bc9dda64259332"
"3225";"l2:5b325bba672c016560ddcc0c34b824be"
"3226";"l2:afc11d20511062ac43a8f9ba59c13980"
"3227";"l2:7d7d5732fdb6ae229c1f89612da51998"
"3228";"l2:5ce36a7213e3453574ac154cb47bf1e1"
"3229";"l2:5ce36a7213e3453574ac154cb47bf1e1"
"3230";"l2:ed610ff9ef664652e8c22d9fc7d070ab"
"3233";"l2:99dec16b0fef68f83e07ea00d173aad1"
"3234";"l2:ed610ff9ef664652e8c22d9fc7d070ab"
"3235";"l2:5b325bba672c016560ddcc0c34b824be"
"3237";"l2:33a5e44855393f3a89f13b32c20f05b9"
"3239";"l2:48f93ce13165774db790cb2e2a0aaa2d"
"3240";"l2:83bec6360aa3a1a2ddfee655b2f92349"
"3241";"l2:19381e2d33c742f3226123a473617c74"
"3243";"l2:8119bac8831ddd677de551a363d4d1a2"
"3244";"l2:55bacd504c8dba26127b5c4e2a4cab39"
"3245";"l2:8119bac8831ddd677de551a363d4d1a2"
"3246";"l2:0362b3348cac7db578dfd4fb8aac6546"
"3248";"l2:776c34fd5a17b6a5289f248cd08b97eb"
"3250";"l2:862696839c570a9df461a94542958138"
"3251";"l2:aaf5dc11cf6158f173d39278b9400c25"
"3252";"l2:862696839c570a9df461a94542958138"
"3253";"l2:5ce36a7213e3453574ac154cb47bf1e1"
"3254";"l2:c7c92a371fcabdde252180e314dd1361"
"3256";"l2:738498909870f126489f36ede4a9ac4e"
"3257";"l2:738498909870f126489f36ede4a9ac4e"
"3258";"l2:738498909870f126489f36ede4a9ac4e"
"3259";"l2:0362b3348cac7db578dfd4fb8aac6546"
"3260";"l2:81293ac445626b719462172ffbf5d674"
"3261";"l2:36d88b95dbcfb50c1266974b6f00e588"
"3262";"l2:19381e2d33c742f3226123a473617c74"
"3263";"l2:83bec6360aa3a1a2ddfee655b2f92349"
"3265";"l2:19381e2d33c742f3226123a473617c74"
"3266";"l2:ed610ff9ef664652e8c22d9fc7d070ab"
"3267";"l2:f061ddac7d77fad98face661df7c48cb"
"3268";"l2:9e8315bda9b3e44f88eaa59da551cae9"
"3269";"l2:5ce36a7213e3453574ac154cb47bf1e1"
"3271";"l2:88255560be27af022816bb2e174752ad"
"3272";"l2:88255560be27af022816bb2e174752ad"
"3273";"l2:81293ac445626b719462172ffbf5d674"
"3274";"l2:fcaef5f9d0b0cbd29f93d44ec6aa7904"
"3275";"l2:81293ac445626b719462172ffbf5d674"
"3279";"l2:0362b3348cac7db578dfd4fb8aac6546"
"3281";"l2:501575868f7d0ff66e6a0864e9e742d6"
"3282";"l2:501575868f7d0ff66e6a0864e9e742d6"
"3283";"l2:eec5e628ad852f6ea0874095ebad0083"
"3284";"l2:cad142d8dc8d88f66de6c73334978716"
"3285";"l2:19381e2d33c742f3226123a473617c74"
"3287";"l2:19381e2d33c742f3226123a473617c74"
"3288";"l2:eec5e628ad852f6ea0874095ebad0083"
"3292";"l2:ed610ff9ef664652e8c22d9fc7d070ab"
"3295";"l2:5b325bba672c016560ddcc0c34b824be"
"3296";"l2:77721a6a3085fcdd9847674cba8ba486"
"3299";"l2:6999f609b18382defb4cfab61fafa67a"
"3300";"l2:ed610ff9ef664652e8c22d9fc7d070ab"
"3301";"l2:48f93ce13165774db790cb2e2a0aaa2d"
"3302";"l2:0e4f725353af2b3207736a4f411049fa"
"3303";"l2:ed610ff9ef664652e8c22d9fc7d070ab"
"3304";"l2:36d88b95dbcfb50c1266974b6f00e588"
"3305";"l2:36d88b95dbcfb50c1266974b6f00e588"
"3307";"l2:aaf5dc11cf6158f173d39278b9400c25"
"3308";"l2:aaf5dc11cf6158f173d39278b9400c25"
"3309";"l2:501575868f7d0ff66e6a0864e9e742d6"
"3310";"l2:ed610ff9ef664652e8c22d9fc7d070ab"
"3311";"l2:ed610ff9ef664652e8c22d9fc7d070ab"
"3313";"l2:81fc31159a8680a30eda0c671c242808"
"3314";"l2:041600fc8cb70a30fe57a1e3841a2eb6"
"3315";"l2:0e4f725353af2b3207736a4f411049fa"
"3317";"l2:0362b3348cac7db578dfd4fb8aac6546"
"3318";"l2:401b6a23258305801e1d75f1034aba09"
"3321";"l2:9d880ae125f28e8985f7c528418fec22"
"3322";"l2:9d880ae125f28e8985f7c528418fec22"
"3324";"l2:9d880ae125f28e8985f7c528418fec22"
"3326";"l2:19381e2d33c742f3226123a473617c74"
"3327";"l2:862696839c570a9df461a94542958138"
"3328";"l2:aaf5dc11cf6158f173d39278b9400c25"
"3329";"l2:63ae0445f9c5744275bc9dda64259332"
"3330";"l2:5ce36a7213e3453574ac154cb47bf1e1"
"3331";"l2:862696839c570a9df461a94542958138"
"3332";"l2:401b6a23258305801e1d75f1034aba09"
"3333";"l2:81293ac445626b719462172ffbf5d674"
"3334";"l2:19381e2d33c742f3226123a473617c74"
"3336";"l2:862696839c570a9df461a94542958138"
"3337";"l2:862696839c570a9df461a94542958138"
"3338";"l2:48f93ce13165774db790cb2e2a0aaa2d"
"3339";"l2:e86fcf96c42552b55ee331ec240b7ddd"
"3340";"l2:e86fcf96c42552b55ee331ec240b7ddd"
"3341";"l2:e86fcf96c42552b55ee331ec240b7ddd"
"3343";"l2:48f93ce13165774db790cb2e2a0aaa2d"
"3344";"l2:0362b3348cac7db578dfd4fb8aac6546"
"3345";"l2:81293ac445626b719462172ffbf5d674"
"3347";"l2:0ca8bf949a1f1593acf13847ce266012"
"3348";"l2:55bacd504c8dba26127b5c4e2a4cab39"
"3349";"l2:55bacd504c8dba26127b5c4e2a4cab39"
"3351";"l2:63ae0445f9c5744275bc9dda64259332"
"3352";"l2:63ae0445f9c5744275bc9dda64259332"
"3353";"l2:63ae0445f9c5744275bc9dda64259332"
"3354";"l2:aaf5dc11cf6158f173d39278b9400c25"
"3355";"l2:401b6a23258305801e1d75f1034aba09"
"3356";"l2:d176ed57050728dd60744338c79da1d1"
"3357";"l2:401b6a23258305801e1d75f1034aba09"
"3358";"l2:7ed25a635a3ffc7c70885fa451cfbe07"
"3360";"l2:5ce36a7213e3453574ac154cb47bf1e1"
"3361";"l2:36d88b95dbcfb50c1266974b6f00e588"
"3363";"l2:80ee221b64cb09f73132e38104f9c9f6"
"3364";"l2:11446e5ee38647c0a0ec30906698429a"
"3366";"l2:0362b3348cac7db578dfd4fb8aac6546"
"3367";"l2:501575868f7d0ff66e6a0864e9e742d6"
"3368";"l2:6f0a0693e68a1338f3b096265bb9e611"
"3371";"l2:ed610ff9ef664652e8c22d9fc7d070ab"
"3372";"l2:0362b3348cac7db578dfd4fb8aac6546"
"3373";"l2:501575868f7d0ff66e6a0864e9e742d6"
"3375";"l2:ed610ff9ef664652e8c22d9fc7d070ab"
"3376";"l2:48f93ce13165774db790cb2e2a0aaa2d"
"3378";"l2:0362b3348cac7db578dfd4fb8aac6546"
"3380";"l2:0362b3348cac7db578dfd4fb8aac6546"
"3381";"l2:81293ac445626b719462172ffbf5d674"
"3382";"l2:48f93ce13165774db790cb2e2a0aaa2d"
"3386";"l2:76b939c2cb64bf9953c7dcdc836dec19"
"3387";"l2:76b939c2cb64bf9953c7dcdc836dec19"
"3390";"l2:cad142d8dc8d88f66de6c73334978716"
"3392";"l2:ed610ff9ef664652e8c22d9fc7d070ab"
"3393";"l2:aaf5dc11cf6158f173d39278b9400c25"
"3394";"l2:ed610ff9ef664652e8c22d9fc7d070ab"
"3395";"l2:81293ac445626b719462172ffbf5d674"
"3397";"l2:76b939c2cb64bf9953c7dcdc836dec19"
"3398";"l2:48f93ce13165774db790cb2e2a0aaa2d"
"3399";"l2:3cb84030d9e49bea8521fdec130e760b"
"3400";"l2:7d7d5732fdb6ae229c1f89612da51998"
"3401";"l2:63ae0445f9c5744275bc9dda64259332"
"3403";"l2:9d880ae125f28e8985f7c528418fec22"
"3404";"l2:63ae0445f9c5744275bc9dda64259332"
"3405";"l2:7ed25a635a3ffc7c70885fa451cfbe07"
"3406";"l2:776c34fd5a17b6a5289f248cd08b97eb"
"3408";"l2:36d88b95dbcfb50c1266974b6f00e588"
"3410";"l2:0362b3348cac7db578dfd4fb8aac6546"
"3412";"l2:81293ac445626b719462172ffbf5d674"
"3413";"l2:81293ac445626b719462172ffbf5d674"
"3414";"l2:81293ac445626b719462172ffbf5d674"
"3417";"l2:aaf5dc11cf6158f173d39278b9400c25"
"3418";"l2:48f93ce13165774db790cb2e2a0aaa2d"
"3420";"l2:e6e4e71ad6f58d471a34678087f33587"
"3423";"l2:1c15b116b4425bf983335c0444c4cda2"
"3425";"l2:1c15b116b4425bf983335c0444c4cda2"
"3427";"l2:0362b3348cac7db578dfd4fb8aac6546"
"3428";"l2:99dec16b0fef68f83e07ea00d173aad1"
"3432";"l2:c7c92a371fcabdde252180e314dd1361"
"3435";"l2:0362b3348cac7db578dfd4fb8aac6546"
"3436";"l2:41c96fcd1a5380dde2636378b562d565"
"3437";"l2:48f93ce13165774db790cb2e2a0aaa2d"
"3438";"l2:81fc31159a8680a30eda0c671c242808"
"3439";"l2:0e4f725353af2b3207736a4f411049fa"
"3440";"l2:1c15b116b4425bf983335c0444c4cda2"
"3441";"l2:927b725df732e4ac69eab043807688ff"
"3442";"l2:81fc31159a8680a30eda0c671c242808"
"3444";"l2:0362b3348cac7db578dfd4fb8aac6546"
"3448";"l2:5173edc4faebaec2d4bb224716182451"
"3449";"l2:5ce36a7213e3453574ac154cb47bf1e1"
"3450";"l2:0362b3348cac7db578dfd4fb8aac6546"
"3451";"l2:36d88b95dbcfb50c1266974b6f00e588"
"3452";"l2:f9fe7ef3a3b9d3b603e2df708589d1b6"
"3453";"l2:50b3cd926efc4dadaaa427431c50238e"
"3454";"l2:81293ac445626b719462172ffbf5d674"
"3455";"l2:5ce36a7213e3453574ac154cb47bf1e1"
"3456";"l2:5ce36a7213e3453574ac154cb47bf1e1"
"3458";"l2:501575868f7d0ff66e6a0864e9e742d6"
"3459";"l2:1c15b116b4425bf983335c0444c4cda2"
"3461";"l2:80ee221b64cb09f73132e38104f9c9f6"
"3462";"l2:833a354501a9142fdaae36c80b5e49ed"
"3463";"l2:0362b3348cac7db578dfd4fb8aac6546"
"3464";"l2:ed610ff9ef664652e8c22d9fc7d070ab"
"3465";"l2:ed610ff9ef664652e8c22d9fc7d070ab"
"3466";"l2:ed610ff9ef664652e8c22d9fc7d070ab"
"3470";"l2:19381e2d33c742f3226123a473617c74"
"3471";"l2:83bec6360aa3a1a2ddfee655b2f92349"
"3472";"l2:83bec6360aa3a1a2ddfee655b2f92349"
"3473";"l2:7d7d5732fdb6ae229c1f89612da51998"
"3475";"l2:510b389e4f4630bbc07024a54e95cb27"
"3476";"l2:510b389e4f4630bbc07024a54e95cb27"
"3477";"l2:19381e2d33c742f3226123a473617c74"
"3479";"l2:0e4f725353af2b3207736a4f411049fa"
"3481";"l2:19381e2d33c742f3226123a473617c74"
"3482";"l2:7d7d5732fdb6ae229c1f89612da51998"
"3484";"l2:7d7d5732fdb6ae229c1f89612da51998"
"3485";"l2:7d7d5732fdb6ae229c1f89612da51998"
"3486";"l2:7d7d5732fdb6ae229c1f89612da51998"
"3489";"l2:19381e2d33c742f3226123a473617c74"
"3490";"l2:7d7d5732fdb6ae229c1f89612da51998"
"3491";"l2:7d7d5732fdb6ae229c1f89612da51998"
"3492";"l2:7d7d5732fdb6ae229c1f89612da51998"
"3494";"l2:7d7d5732fdb6ae229c1f89612da51998"
"3495";"l2:7d7d5732fdb6ae229c1f89612da51998"
"3497";"l2:19381e2d33c742f3226123a473617c74"
"3498";"l2:37c4941790a3b15d08cfaaf2a9f01189"
"3499";"l2:5ce36a7213e3453574ac154cb47bf1e1"
"3501";"l2:7d7d5732fdb6ae229c1f89612da51998"
"3502";"l2:7d7d5732fdb6ae229c1f89612da51998"
"3504";"l2:5ce36a7213e3453574ac154cb47bf1e1"
"3505";"l2:ed610ff9ef664652e8c22d9fc7d070ab"
"3506";"l2:88255560be27af022816bb2e174752ad"
"3507";"l2:48f93ce13165774db790cb2e2a0aaa2d"
"3508";"l2:0e4f725353af2b3207736a4f411049fa"
"3509";"l2:0e4f725353af2b3207736a4f411049fa"
"3513";"l2:48f93ce13165774db790cb2e2a0aaa2d"
"3514";"l2:0e4f725353af2b3207736a4f411049fa"
"3516";"l2:81fc31159a8680a30eda0c671c242808"
"3517";"l2:50b3cd926efc4dadaaa427431c50238e"
"3518";"l2:ed610ff9ef664652e8c22d9fc7d070ab"
"3519";"l2:5ce36a7213e3453574ac154cb47bf1e1"
"3520";"l2:48f93ce13165774db790cb2e2a0aaa2d"
"3521";"l2:81293ac445626b719462172ffbf5d674"
"3522";"l2:5b325bba672c016560ddcc0c34b824be"
"3523";"l2:c7c92a371fcabdde252180e314dd1361"
"3524";"l2:ed610ff9ef664652e8c22d9fc7d070ab"
"3525";"l2:5ce36a7213e3453574ac154cb47bf1e1"
"3527";"l2:e6e4e71ad6f58d471a34678087f33587"
"3529";"l2:3cb84030d9e49bea8521fdec130e760b"
"3530";"l2:e6e4e71ad6f58d471a34678087f33587"
"3531";"l2:63ae0445f9c5744275bc9dda64259332"
"3532";"l2:05579f3554a3c6b8ea3a64a83ee1c924"
"3534";"l2:63ae0445f9c5744275bc9dda64259332"
"3535";"l2:44c951619d07e0906376f6bb33390e4b"
"3536";"l2:36d88b95dbcfb50c1266974b6f00e588"
"3537";"l2:8253be0365f3aa43ca917a0b0d0705bd"
"3538";"l2:f9fe7ef3a3b9d3b603e2df708589d1b6"
"3539";"l2:83bec6360aa3a1a2ddfee655b2f92349"
"3540";"l2:ed610ff9ef664652e8c22d9fc7d070ab"
"3541";"l2:8875de875c39a3f879dcd4dbf380e9e9"
"3542";"l2:8875de875c39a3f879dcd4dbf380e9e9"
"3543";"l2:8875de875c39a3f879dcd4dbf380e9e9"
"3544";"l2:e6e4e71ad6f58d471a34678087f33587"
"3546";"l2:e6e4e71ad6f58d471a34678087f33587"
"3547";"l2:e6e4e71ad6f58d471a34678087f33587"
"3548";"l2:9e8315bda9b3e44f88eaa59da551cae9"
"3549";"l2:5b325bba672c016560ddcc0c34b824be"
"3551";"l2:1c15b116b4425bf983335c0444c4cda2"
"3552";"l2:1c15b116b4425bf983335c0444c4cda2"
"3553";"l2:1c15b116b4425bf983335c0444c4cda2"
"3554";"l2:19381e2d33c742f3226123a473617c74"
"3556";"l2:ed610ff9ef664652e8c22d9fc7d070ab"
"3557";"l2:83bec6360aa3a1a2ddfee655b2f92349"
"3558";"l2:ed610ff9ef664652e8c22d9fc7d070ab"
"3559";"l2:88255560be27af022816bb2e174752ad"
"3560";"l2:e6e4e71ad6f58d471a34678087f33587"
"3561";"l2:48f93ce13165774db790cb2e2a0aaa2d"
"3563";"l2:ed610ff9ef664652e8c22d9fc7d070ab"
"3564";"l2:0362b3348cac7db578dfd4fb8aac6546"
"3566";"l2:48f93ce13165774db790cb2e2a0aaa2d"
"3568";"l2:aaf5dc11cf6158f173d39278b9400c25"
"3569";"l2:81293ac445626b719462172ffbf5d674"
"3570";"l2:63ae0445f9c5744275bc9dda64259332"
"3572";"l2:862696839c570a9df461a94542958138"
"3573";"l2:041600fc8cb70a30fe57a1e3841a2eb6"
"3574";"l2:19381e2d33c742f3226123a473617c74"
"3576";"l2:5ce36a7213e3453574ac154cb47bf1e1"
"3577";"l2:86cd12ee6da30c1a496d43327e0a6140"
"3579";"l2:36d88b95dbcfb50c1266974b6f00e588"
"3580";"l2:0362b3348cac7db578dfd4fb8aac6546"
"3581";"l2:81293ac445626b719462172ffbf5d674"
"3582";"l2:1c15b116b4425bf983335c0444c4cda2"
"3584";"l2:1c15b116b4425bf983335c0444c4cda2"
"3586";"l2:0362b3348cac7db578dfd4fb8aac6546"
"3587";"l2:55bacd504c8dba26127b5c4e2a4cab39"
"3589";"l2:63ae0445f9c5744275bc9dda64259332"
"3590";"l2:e6e4e71ad6f58d471a34678087f33587"
"3592";"l2:ed610ff9ef664652e8c22d9fc7d070ab"
"3595";"l2:48f93ce13165774db790cb2e2a0aaa2d"
"3596";"l2:afc11d20511062ac43a8f9ba59c13980"
"3597";"l2:0362b3348cac7db578dfd4fb8aac6546"
"3598";"l2:aaf5dc11cf6158f173d39278b9400c25"
"3599";"l2:aaf5dc11cf6158f173d39278b9400c25"
"3600";"l2:aaf5dc11cf6158f173d39278b9400c25"
"3602";"l2:9e8315bda9b3e44f88eaa59da551cae9"
"3603";"l2:927b725df732e4ac69eab043807688ff"
"3605";"l2:aaf5dc11cf6158f173d39278b9400c25"
"3606";"l2:401b6a23258305801e1d75f1034aba09"
"3607";"l2:a69c3c8242dd32c7e3467be534bf6701"
"3608";"l2:862696839c570a9df461a94542958138"
"3609";"l2:63ae0445f9c5744275bc9dda64259332"
"3612";"l2:5173edc4faebaec2d4bb224716182451"
"3613";"l2:401b6a23258305801e1d75f1034aba09"
"3614";"l2:9d880ae125f28e8985f7c528418fec22"
"3616";"l2:50b3cd926efc4dadaaa427431c50238e"
"3617";"l2:887429b95e41c2bd33569f3e66fafb58"
"3618";"l2:48f93ce13165774db790cb2e2a0aaa2d"
"3619";"l2:81293ac445626b719462172ffbf5d674"
"3620";"l2:d176ed57050728dd60744338c79da1d1"
"3622";"l2:426cfb3ef2d5fad2207ed6ae75259890"
"3623";"l2:862696839c570a9df461a94542958138"
"3624";"l2:862696839c570a9df461a94542958138"
"3625";"l2:ed610ff9ef664652e8c22d9fc7d070ab"
"3626";"l2:ff4fbac947e9f23281cae31420fa8cea"
"3627";"l2:8875de875c39a3f879dcd4dbf380e9e9"
"3628";"l2:8875de875c39a3f879dcd4dbf380e9e9"
"3630";"l2:b424ec1f52cc8f0384865073799fe397"
"3631";"l2:b424ec1f52cc8f0384865073799fe397"
"3632";"l2:8253be0365f3aa43ca917a0b0d0705bd"
"3633";"l2:5ce36a7213e3453574ac154cb47bf1e1"
"3635";"l2:63ae0445f9c5744275bc9dda64259332"
"3636";"l2:63ae0445f9c5744275bc9dda64259332"
"3637";"l2:ed610ff9ef664652e8c22d9fc7d070ab"
"3638";"l2:a05854c634afdb4ee8258352a8cdd79a"
"3640";"l2:36d88b95dbcfb50c1266974b6f00e588"
"3644";"l2:5ce36a7213e3453574ac154cb47bf1e1"
"3650";"l2:11446e5ee38647c0a0ec30906698429a"
"3651";"l2:a05854c634afdb4ee8258352a8cdd79a"
"3652";"l2:0ca8bf949a1f1593acf13847ce266012"
"3658";"l2:ed610ff9ef664652e8c22d9fc7d070ab"
"3659";"l2:04b6ac94dd2517d37e633a7c1e5b4f2a"
"3660";"l2:55bacd504c8dba26127b5c4e2a4cab39"
"3661";"l2:8ae11fef3e69897a6cabaa3c6f390ccb"
"3664";"l2:55bacd504c8dba26127b5c4e2a4cab39"
"3665";"l2:0e4f725353af2b3207736a4f411049fa"
"3666";"l2:0e4f725353af2b3207736a4f411049fa"
"3667";"l2:81293ac445626b719462172ffbf5d674"
"3668";"l2:f9fe7ef3a3b9d3b603e2df708589d1b6"
"3669";"l2:f061ddac7d77fad98face661df7c48cb"
"3671";"l2:c7c92a371fcabdde252180e314dd1361"
"3672";"l2:5b325bba672c016560ddcc0c34b824be"
"3673";"l2:041600fc8cb70a30fe57a1e3841a2eb6"
"3674";"l2:04b6ac94dd2517d37e633a7c1e5b4f2a"
"3675";"l2:862696839c570a9df461a94542958138"
"3676";"l2:862696839c570a9df461a94542958138"
"3677";"l2:55bacd504c8dba26127b5c4e2a4cab39"
"3680";"l2:862696839c570a9df461a94542958138"
"3682";"l2:afc11d20511062ac43a8f9ba59c13980"
"3683";"l2:afc11d20511062ac43a8f9ba59c13980"
"3684";"l2:48f93ce13165774db790cb2e2a0aaa2d"
"3686";"l2:ed610ff9ef664652e8c22d9fc7d070ab"
"3687";"l2:63ae0445f9c5744275bc9dda64259332"
"3688";"l2:0362b3348cac7db578dfd4fb8aac6546"
"3690";"l2:63ae0445f9c5744275bc9dda64259332"
"3691";"l2:5ce36a7213e3453574ac154cb47bf1e1"
"3693";"l2:5ce36a7213e3453574ac154cb47bf1e1"
"3695";"l2:afc11d20511062ac43a8f9ba59c13980"
"3696";"l2:83bec6360aa3a1a2ddfee655b2f92349"
"3697";"l2:81293ac445626b719462172ffbf5d674"
"3698";"l2:ed610ff9ef664652e8c22d9fc7d070ab"
"3700";"l2:48f93ce13165774db790cb2e2a0aaa2d"
"3703";"l2:ef8984bacb41749524ac49330ad80ed5"
"3705";"l2:ed610ff9ef664652e8c22d9fc7d070ab"
"3706";"l2:0362b3348cac7db578dfd4fb8aac6546"
"3707";"l2:862696839c570a9df461a94542958138"
"3708";"l2:862696839c570a9df461a94542958138"
"3709";"l2:ed610ff9ef664652e8c22d9fc7d070ab"
"3710";"l2:5ce36a7213e3453574ac154cb47bf1e1"
"3712";"l2:04b6ac94dd2517d37e633a7c1e5b4f2a"
"3713";"l2:1c15b116b4425bf983335c0444c4cda2"
"3715";"l2:ed610ff9ef664652e8c22d9fc7d070ab"
"3716";"l2:63857ca8f32a4d77245f2828b6974f41"
"3717";"l2:ed610ff9ef664652e8c22d9fc7d070ab"
"3718";"l2:ed610ff9ef664652e8c22d9fc7d070ab"
"3719";"l2:ed610ff9ef664652e8c22d9fc7d070ab"
"3720";"l2:50b3cd926efc4dadaaa427431c50238e"
"3721";"l2:5ce36a7213e3453574ac154cb47bf1e1"
"3722";"l2:55bacd504c8dba26127b5c4e2a4cab39"
"3723";"l2:ed610ff9ef664652e8c22d9fc7d070ab"
"3724";"l2:9d880ae125f28e8985f7c528418fec22"
"3725";"l2:9d880ae125f28e8985f7c528418fec22"
"3726";"l2:0362b3348cac7db578dfd4fb8aac6546"
"3728";"l2:55bacd504c8dba26127b5c4e2a4cab39"
"3729";"l2:63ae0445f9c5744275bc9dda64259332"
"3730";"l2:81293ac445626b719462172ffbf5d674"
"3731";"l2:80ee221b64cb09f73132e38104f9c9f6"
"3732";"l2:36d88b95dbcfb50c1266974b6f00e588"
"3733";"l2:36d88b95dbcfb50c1266974b6f00e588"
"3734";"l2:36d88b95dbcfb50c1266974b6f00e588"
"3735";"l2:81293ac445626b719462172ffbf5d674"
"3737";"l2:cae095a0b7807c477204058cfd04348b"
"3741";"l2:ed610ff9ef664652e8c22d9fc7d070ab"
"3742";"l2:5ce36a7213e3453574ac154cb47bf1e1"
"3743";"l2:5ce36a7213e3453574ac154cb47bf1e1"
"3744";"l2:ed610ff9ef664652e8c22d9fc7d070ab"
"3745";"l2:f061ddac7d77fad98face661df7c48cb"
"3746";"l2:80ee221b64cb09f73132e38104f9c9f6"
"3749";"l2:e6e4e71ad6f58d471a34678087f33587"
"3750";"l2:0362b3348cac7db578dfd4fb8aac6546"
"3751";"l2:0362b3348cac7db578dfd4fb8aac6546"
"3752";"l2:5ce36a7213e3453574ac154cb47bf1e1"
"3754";"l2:401b6a23258305801e1d75f1034aba09"
"3755";"l2:81293ac445626b719462172ffbf5d674"
"3756";"l2:7eea96539d7a70b52c9bc87e5b9413af"
"3758";"l2:833a354501a9142fdaae36c80b5e49ed"
"3759";"l2:48f93ce13165774db790cb2e2a0aaa2d"
"3760";"l2:ed610ff9ef664652e8c22d9fc7d070ab"
"3761";"l2:401b6a23258305801e1d75f1034aba09"
"3766";"l2:5ce36a7213e3453574ac154cb47bf1e1"
"3767";"l2:99dec16b0fef68f83e07ea00d173aad1"
"3769";"l2:c7c92a371fcabdde252180e314dd1361"
"3770";"l2:c7c92a371fcabdde252180e314dd1361"
"3771";"l2:c7c92a371fcabdde252180e314dd1361"
"3772";"l2:33a5e44855393f3a89f13b32c20f05b9"
"3773";"l2:e4fc1cb69b47da9614df6c2773bca02e"
"3774";"l2:ef8984bacb41749524ac49330ad80ed5"
"3775";"l2:862696839c570a9df461a94542958138"
"3776";"l2:ed610ff9ef664652e8c22d9fc7d070ab"
"3778";"l2:55bacd504c8dba26127b5c4e2a4cab39"
"3779";"l2:9d880ae125f28e8985f7c528418fec22"
"3780";"l2:7eea96539d7a70b52c9bc87e5b9413af"
"3781";"l2:5c6d387bdede4b0abeed71ed78f1b0cb"
"3782";"l2:f9fe7ef3a3b9d3b603e2df708589d1b6"
"3784";"l2:ed610ff9ef664652e8c22d9fc7d070ab"
"3785";"l2:63857ca8f32a4d77245f2828b6974f41"
"3786";"l2:ef8984bacb41749524ac49330ad80ed5"
"3787";"l2:ef8984bacb41749524ac49330ad80ed5"
"3789";"l2:c7c92a371fcabdde252180e314dd1361"
"3790";"l2:ef8984bacb41749524ac49330ad80ed5"
"3792";"l2:7d7d5732fdb6ae229c1f89612da51998"
"3793";"l2:88255560be27af022816bb2e174752ad"
"3794";"l2:a69c3c8242dd32c7e3467be534bf6701"
"3795";"l2:f061ddac7d77fad98face661df7c48cb"
"3796";"l2:ed610ff9ef664652e8c22d9fc7d070ab"
"3798";"l2:19381e2d33c742f3226123a473617c74"
"3800";"l2:36d88b95dbcfb50c1266974b6f00e588"
"3801";"l2:7d7d5732fdb6ae229c1f89612da51998"
"3802";"l2:76b939c2cb64bf9953c7dcdc836dec19"
"3803";"l2:76b939c2cb64bf9953c7dcdc836dec19"
"3804";"l2:81293ac445626b719462172ffbf5d674"
"3806";"l2:aaf5dc11cf6158f173d39278b9400c25"
"3808";"l2:8253be0365f3aa43ca917a0b0d0705bd"
"3809";"l2:2652b18bc313c1a08d99d74fd15b5409"
"3810";"l2:2652b18bc313c1a08d99d74fd15b5409"
"3811";"l2:2652b18bc313c1a08d99d74fd15b5409"
"3812";"l2:2652b18bc313c1a08d99d74fd15b5409"
"3813";"l2:2652b18bc313c1a08d99d74fd15b5409"
"3814";"l2:2652b18bc313c1a08d99d74fd15b5409"
"3815";"l2:2652b18bc313c1a08d99d74fd15b5409"
"3816";"l2:ef8984bacb41749524ac49330ad80ed5"
"3817";"l2:aaf5dc11cf6158f173d39278b9400c25"
"3818";"l2:ed610ff9ef664652e8c22d9fc7d070ab"
"3819";"l2:5ce36a7213e3453574ac154cb47bf1e1"
"3820";"l2:aaf5dc11cf6158f173d39278b9400c25"
"3821";"l2:63ae0445f9c5744275bc9dda64259332"
"3822";"l2:aaf5dc11cf6158f173d39278b9400c25"
"3823";"l2:aaf5dc11cf6158f173d39278b9400c25"
"3826";"l2:426cfb3ef2d5fad2207ed6ae75259890"
"3827";"l2:e86fcf96c42552b55ee331ec240b7ddd"
"3828";"l2:e86fcf96c42552b55ee331ec240b7ddd"
"3830";"l2:723db37aa6c72bf716e2a69fda165f91"
"3832";"l2:5b325bba672c016560ddcc0c34b824be"
"3833";"l2:5b325bba672c016560ddcc0c34b824be"
"3834";"l2:ed610ff9ef664652e8c22d9fc7d070ab"
"3835";"l2:ed610ff9ef664652e8c22d9fc7d070ab"
"3837";"l2:80ee221b64cb09f73132e38104f9c9f6"
"3838";"l2:ed610ff9ef664652e8c22d9fc7d070ab"
"3839";"l2:5ce36a7213e3453574ac154cb47bf1e1"
"3840";"l2:19381e2d33c742f3226123a473617c74"
"3841";"l2:3cb84030d9e49bea8521fdec130e760b"
"3842";"l2:63ae0445f9c5744275bc9dda64259332"
"3843";"l2:501575868f7d0ff66e6a0864e9e742d6"
"3844";"l2:77721a6a3085fcdd9847674cba8ba486"
"3845";"l2:19381e2d33c742f3226123a473617c74"
"3846";"l2:19381e2d33c742f3226123a473617c74"
"3847";"l2:48f93ce13165774db790cb2e2a0aaa2d"
"3849";"l2:5b325bba672c016560ddcc0c34b824be"
"3850";"l2:5b325bba672c016560ddcc0c34b824be"
"3851";"l2:ed610ff9ef664652e8c22d9fc7d070ab"
"3853";"l2:ed610ff9ef664652e8c22d9fc7d070ab"
"3854";"l2:5b325bba672c016560ddcc0c34b824be"
"3856";"l2:e6e4e71ad6f58d471a34678087f33587"
"3860";"l2:afc11d20511062ac43a8f9ba59c13980"
"3861";"l2:c9f9c5936f65b074468509925a8c6cc8"
"3863";"l2:c9f9c5936f65b074468509925a8c6cc8"
"3864";"l2:eec5e628ad852f6ea0874095ebad0083"
"3865";"l2:c9f9c5936f65b074468509925a8c6cc8"
"3867";"l2:eec5e628ad852f6ea0874095ebad0083"
"3868";"l2:c9f9c5936f65b074468509925a8c6cc8"
"3870";"l2:81293ac445626b719462172ffbf5d674"
"3871";"l2:e86fcf96c42552b55ee331ec240b7ddd"
"3872";"l2:19381e2d33c742f3226123a473617c74"
"3874";"l2:8253be0365f3aa43ca917a0b0d0705bd"
"3875";"l2:5b325bba672c016560ddcc0c34b824be"
"3876";"l2:9d880ae125f28e8985f7c528418fec22"
"3877";"l2:81fc31159a8680a30eda0c671c242808"
"3878";"l2:5ce36a7213e3453574ac154cb47bf1e1"
"3879";"l2:55bacd504c8dba26127b5c4e2a4cab39"
"3881";"l2:995132561fd2e1decca44c07fb0a534a"
"3882";"l2:63ae0445f9c5744275bc9dda64259332"
"3883";"l2:5ce36a7213e3453574ac154cb47bf1e1"
"3884";"l2:5ce36a7213e3453574ac154cb47bf1e1"
"3885";"l2:f061ddac7d77fad98face661df7c48cb"
"3886";"l2:0e4f725353af2b3207736a4f411049fa"
"3887";"l2:1e400420f5dbe471d89073b4428f0c1e"
"3888";"l2:81293ac445626b719462172ffbf5d674"
"3889";"l2:81293ac445626b719462172ffbf5d674"
"3890";"l2:5ce36a7213e3453574ac154cb47bf1e1"
"3893";"l2:cad142d8dc8d88f66de6c73334978716"
"3894";"l2:aaf5dc11cf6158f173d39278b9400c25"
"3895";"l2:81293ac445626b719462172ffbf5d674"
"3896";"l2:50b3cd926efc4dadaaa427431c50238e"
"3897";"l2:501575868f7d0ff66e6a0864e9e742d6"
"3898";"l2:aaf5dc11cf6158f173d39278b9400c25"
"3899";"l2:ed610ff9ef664652e8c22d9fc7d070ab"
"3900";"l2:8875de875c39a3f879dcd4dbf380e9e9"
