"category_group_id";"category_group";"category_count";"attribute_source_category_id"
"1951";"3D-Brillen";"2";"14423"
"1952";"3D-Drucker";"1";"14424"
"1953";"3D-Drucker-Stifte";"1";"14425"
"1954";"Abbruchhammer";"3";"14427"
"1955";"Abdeckblenden";"22";"14439"
"1956";"Abdeckungsheber";"1";"14451"
"1957";"Abfallzerkleinerer";"1";"14452"
"1958";"Abheftstreifen";"1";"14453"
"1959";"Abisoliermaschinen";"1";"14454"
"1960";"Ablageanbauten";"7";"14457"
"1961";"Ablaichkästen";"1";"14462"
"1962";"Abläufe";"12";"14465"
"1963";"Absauganlagen";"4";"14475"
"1964";"Abschlaghilfen";"1";"14479"
"1965";"Abschlusskappen";"7";"14480"
"1966";"Absperrungen";"9";"14487"
"1967";"Absperrventile";"21";"14506"
"1968";"Abspielgeräte";"11";"14524"
"1969";"Abstandshalter";"8";"14528"
"1970";"Abstellstützen";"2";"14536"
"1971";"Abstreifgitter";"1";"14538"
"1972";"Abziehmatten";"1";"14539"
"1973";"Abziehwerkzeuge";"7";"14543"
"1974";"Achsen";"1";"14547"
"1975";"Adapter";"35";"14582"
"1976";"Additive";"9";"14586"
"1977";"Adventskalender";"10";"14601"
"1978";"Akkumulatoren";"27";"14616"
"1979";"Akkusauger";"10";"14636"
"1980";"Aktenvernichter";"5";"14643"
"1981";"Aktenvernichter-Auffangbeutel";"1";"14644"
"1982";"Alkoholtestgeräte";"1";"14645"
"1983";"Allesschneider";"3";"14648"
"1984";"Anbau-Bodenfräsen";"1";"14649"
"1985";"Anbau-Kehrgutsammler";"1";"14650"
"1986";"Anbau-Räumschilde";"1";"14651"
"1987";"Anbaugeräte";"5";"14655"
"1988";"Anfahrhilfen";"2";"14657"
"1989";"Angelgaffs";"1";"14659"
"1990";"Angelgewichte";"21";"14680"
"1991";"Angelhaken";"20";"14686"
"1992";"Angelposen";"14";"14704"
"1993";"Angelrollen";"11";"14723"
"1994";"Angelruten";"19";"14735"
"1995";"Anhängevorrichtungen";"2";"14745"
"1996";"Anrufbeantworter";"2";"14748"
"1997";"Ansatztischplatten";"4";"14750"
"1998";"Anschlagpuffer";"3";"14755"
"1999";"Anschlagwinkel";"8";"14761"
"2000";"Anspitzer";"1";"14764"
"2001";"Antennen";"10";"14768"
"2002";"Anti-Rutsch-Pads";"6";"14775"
"2003";"Anti-Schnarch-Geräte";"5";"14785"
"2004";"Anzeigeinstrumente";"14";"14786"
"2005";"Anzeigetafeln";"2";"14800"
"2006";"Anziehhilfen";"1";"14802"
"2007";"Anzüge";"12";"14807"
"2008";"Anzündkamine";"3";"14815"
"2009";"Aquarienheizer";"2";"14818"
"2010";"Arbeitsmöbel-Sets";"2";"14820"
"2011";"Arbeitsschutzbrillen";"1";"14822"
"2012";"Arbeitsspeicher";"3";"14825"
"2013";"Armaturen";"20";"14828"
"2014";"Armaturkartuschen";"1";"14846"
"2017";"Armbänder";"38";"14887"
"2015";"Armbanduhren";"20";"14853"
"2016";"Armbinden";"1";"14867"
"2018";"Armlehnen";"1";"14906"
"2019";"Atemmasken";"8";"14909"
"2020";"Audio-Video-Switches";"4";"14918"
"2021";"Aufbewahrungsboxen";"90";"14949"
"2022";"Aufblasartikel";"18";"15024"
"2023";"Auffangbehälter";"6";"15028"
"2024";"Auffangschalen";"2";"15033"
"2025";"Aufguss-Kellen";"1";"15035"
"2026";"Aufguss-Konzentrate";"1";"15036"
"2027";"Aufguss-Sets";"1";"15037"
"2028";"Aufgusstöpfe";"2";"15039"
"2029";"Aufkleber";"7";"15041"
"2030";"Auflaufformen";"3";"15047"
"2033";"Aufnäher";"3";"15057"
"2031";"Aufnahmegeräte";"6";"15052"
"2032";"Aufnahmetische";"1";"15056"
"2034";"Aufsammelhilfen";"5";"15062"
"2035";"Aufstecksucher";"2";"15066"
"2036";"Augen-Kosmetika";"18";"15080"
"2037";"Augenbinden";"2";"15086"
"2038";"Augenmuscheln";"1";"15087"
"2039";"Augenpflegemittel";"21";"15102"
"2040";"Ausgießaufsätze";"3";"15111"
"2041";"Ausrichtwerkzeuge";"2";"15112"
"2050";"Außenbordmotoren";"1";"15148"
"2042";"Ausstechformen";"2";"15114"
"2043";"Automatik-Weinbelüfter";"1";"15116"
"2044";"Automatten";"9";"15118"
"2045";"Autorennbahn-Erweiterungen";"13";"15128"
"2046";"Autorennbahn-Fahrzeuge";"1";"15139"
"2047";"Autorennbahnen";"1";"15140"
"2048";"Autositzschutz";"5";"15144"
"2049";"Autosonnenschutzblenden";"2";"15147"
"3898";"Äxte";"6";"28835"
"2059";"Baby-Badesitze";"1";"15236"
"2060";"Babybetten";"5";"15237"
"2061";"Babykostwärmer";"3";"15242"
"2062";"Babyphones";"2";"15245"
"2063";"Babytragen";"5";"15251"
"2064";"Babywippen";"3";"15253"
"2065";"Bachläufe";"2";"15256"
"2066";"Backbleche";"32";"15288"
"2068";"Backöfen";"5";"15293"
"2067";"Backunterlagen";"3";"15289"
"2069";"Badaccessoires-Sets";"1";"15297"
"2070";"Badeanzüge";"7";"15298"
"2071";"Badebottiche";"1";"15305"
"2072";"Badehosen";"13";"15311"
"2073";"Badekappen";"3";"15320"
"2074";"Badematten";"7";"15322"
"2075";"Badewannen";"7";"15333"
"2076";"Badewannenbretter";"3";"15338"
"2077";"Badewannensitze";"6";"15340"
"2078";"Bagger";"2";"15346"
"2079";"Balancetrainer";"11";"15356"
"2080";"Balkonkastenhalter";"1";"15358"
"2213";"Bälle";"47";"16268"
"2214";"Bällebäder";"1";"16270"
"2081";"Ballmaschinen";"2";"15360"
"2082";"Ballrückgabesysteme";"1";"15361"
"2083";"Ballschalen";"1";"15362"
"2084";"Ballschleuder";"2";"15363"
"2085";"Ballsportkörbe";"2";"15366"
"2086";"Ballwände";"2";"15367"
"2087";"Bandagen";"44";"15396"
"2088";"Bandmassagegeräte";"1";"15413"
"2089";"Banknotenzähler";"1";"15414"
"2090";"Barista-Sets";"4";"15417"
"2091";"Bartpflegemittel";"13";"15429"
"2092";"Bartstylingmittel";"6";"15434"
"2093";"Baseballschläger";"2";"15438"
"2094";"Bastelbänder";"20";"15447"
"2095";"Basteldekorationen";"19";"15478"
"2096";"Bastelgrundmaterialien";"13";"15487"
"2097";"Batteriegriffe";"1";"15492"
"2098";"Batterien";"4";"15493"
"2099";"Batteriewächter";"2";"15498"
"2100";"Bauchbänder";"2";"15499"
"2101";"Bauchketten";"4";"15503"
"2102";"Bauchtrainer";"4";"15505"
"2103";"Baufolien";"11";"15515"
"2104";"Bauketten";"8";"15521"
"2105";"Baumpflegemittel";"4";"15530"
"2106";"Bauplatten";"13";"15536"
"2107";"Baustangen";"3";"15546"
"2108";"Bausteine";"14";"15548"
"2109";"Beamer";"10";"15568"
"2110";"Beckenbodentrainer";"1";"15572"
"2111";"Beeteinfassungen";"4";"15573"
"2112";"Befestigungen";"43";"15606"
"2113";"Befestigungsadapter";"2";"15620"
"2114";"Behandlungsliegen";"1";"15622"
"2115";"Beintrainer";"3";"15623"
"2117";"Beißringe";"1";"15632"
"2116";"Beitel";"6";"15626"
"2118";"Bekleidungssets";"1";"15633"
"2119";"Belagstrukturgeräte";"1";"15634"
"2120";"Belichtungsmesser";"1";"15635"
"2121";"Belüftungsausströmer";"2";"15636"
"2122";"Belüftungspumpen";"2";"15639"
"2123";"Beregnungsanlagen";"1";"15640"
"2124";"Besaitungsmaschinen";"1";"15641"
"2125";"Beschläge";"25";"15662"
"2126";"Beschriftungsbänder";"1";"15667"
"2127";"Beschriftungsgeräte";"1";"15668"
"2128";"Beschwerungsgewichte";"11";"15676"
"2129";"Bespannungshärtemessgeräte";"1";"15680"
"2130";"Bestattungsbehälter";"3";"15681"
"2131";"Besteckkörbe";"3";"15684"
"2145";"Betätigungsplatten";"2";"15796"
"2132";"Betonglätter";"1";"15687"
"2133";"Betonmischer";"1";"15688"
"2134";"Betonverdichter";"3";"15690"
"2135";"Bettbezüge";"3";"15694"
"2136";"Bettdecken";"16";"15708"
"2137";"Betten";"25";"15711"
"2138";"Betthimmel";"1";"15736"
"2139";"Bettlaken";"4";"15738"
"2140";"Bettnestchen";"5";"15741"
"2141";"Bettumrandungen";"3";"15747"
"2142";"Bettwaren-Sets";"39";"15785"
"2143";"Bettwarenzubehör";"1";"15788"
"2144";"Bettwäsche";"6";"15793"
"2146";"Bewässerungs-Sets";"5";"15798"
"2147";"Bewässerungscomputer";"5";"15806"
"2148";"Bewässerungskugeln";"2";"15807"
"2051";"BH-Bügel";"1";"15149"
"2052";"BH-Einlagen";"2";"15151"
"2053";"BH-Sets";"37";"15155"
"2054";"BH-Träger";"2";"15190"
"2055";"BH-Trägerclips";"2";"15192"
"2056";"BH-Trägerkissen";"1";"15193"
"2057";"BH-Verlängerungen";"2";"15194"
"2058";"BHs";"40";"15201"
"2149";"Bidet-Einsätze";"1";"15809"
"2150";"Bidets";"1";"15810"
"2151";"Biegewellen";"1";"15811"
"2152";"Bienenkästen";"4";"15814"
"2153";"Bikini-Oberteile";"14";"15822"
"2154";"Bikini-Sets";"12";"15831"
"2155";"Bilder";"25";"15865"
"2156";"Bilderrahmen";"14";"15874"
"2157";"Bindegeräte";"6";"15882"
"2158";"Bindemappen";"2";"15888"
"2159";"Bissanzeiger";"11";"15895"
"2160";"Bithalter";"3";"15901"
"2161";"Bits";"7";"15908"
"2162";"Blasinstrumente";"25";"15929"
"2163";"Blattabschneider";"3";"15936"
"2164";"Blattschrauben";"2";"15938"
"2165";"Blazer";"13";"15946"
"2166";"Blitzgeräte";"8";"15956"
"2167";"Bluetooth-Dongles";"1";"15961"
"2168";"Blusen";"32";"15964"
"2169";"Blutdruckmanschetten";"5";"15995"
"2170";"Blutdruckmessgeräte";"5";"16003"
"2171";"Blutzuckermessgeräte";"3";"16004"
"2215";"Böcke";"4";"16272"
"2172";"Bodenanker";"14";"16013"
"2173";"Bodenmarkierungen";"6";"16024"
"2174";"Bodenschutzplatten";"9";"16032"
"2175";"Bodenstaubsauger";"6";"16040"
"2176";"Bodensubstrate";"18";"16050"
"2177";"Bodys";"17";"16075"
"2178";"Bogenetuis";"1";"16077"
"2179";"Bohrer";"31";"16090"
"2180";"Bohrfutter";"3";"16110"
"2181";"Bohrmaschinen";"18";"16124"
"2182";"Bojen";"1";"16130"
"2183";"Bollerwagen";"1";"16131"
"2184";"Bordwandaufsätze";"2";"16132"
"2185";"Bottleneck";"2";"16134"
"2186";"Bowdenzug-Feineinstellhilfen";"1";"16136"
"2190";"Bowdenzüge";"2";"16141"
"2187";"Bowdenzugendhülsen";"1";"16137"
"2188";"Bowdenzughüllen";"1";"16138"
"2189";"Bowdenzugseelen";"1";"16139"
"2191";"Bowle-Sets";"1";"16142"
"2192";"Boxhandschuhe";"7";"16144"
"2193";"Boxsäcke";"9";"16150"
"2194";"Brandschutzeinheiten";"1";"16159"
"2195";"Brausegarnituren";"4";"16161"
"2196";"Brecheisen";"4";"16164"
"2197";"Bremsbeläge";"3";"16169"
"2198";"Bremsgriffe";"1";"16171"
"2199";"Bremsscheiben";"1";"16172"
"2200";"Brennstoffe";"16";"16185"
"2201";"Briefablagen";"1";"16189"
"2202";"Briefkästen";"10";"16190"
"2204";"Brieföffner";"1";"16201"
"2203";"Briefumschläge";"1";"16200"
"2205";"Brillenetuis";"1";"16202"
"2206";"Brillenfassungen";"1";"16203"
"2207";"Broschen";"9";"16211"
"2208";"Brotbackautomaten";"2";"16214"
"2209";"Brustwarzenabdeckungen";"3";"16215"
"2216";"Bücher";"15";"16278"
"2210";"Buchstützen";"3";"16219"
"2217";"Bügelbrettbezüge";"3";"16290"
"2218";"Bügelbretter";"4";"16293"
"2219";"Bügeleisen";"6";"16301"
"2220";"Bügelhilfemittel";"6";"16306"
"2221";"Bügelmaschinen";"6";"16309"
"2222";"Bügelsohlen";"1";"16315"
"2223";"Bügelsysteme";"1";"16316"
"2224";"Bügeltücher";"1";"16317"
"2211";"Buggyboards";"1";"16221"
"2212";"Bunddehner";"1";"16222"
"2225";"Büroklammern";"1";"16318"
"2227";"Camcorder";"15";"16325"
"2228";"Campingtoiletten";"1";"16337"
"2229";"Caps";"8";"16345"
"2230";"Carports";"4";"16347"
"2231";"Charms";"20";"16368"
"2232";"Chipkartenleser";"7";"16372"
"2233";"Chlordosierer";"3";"16377"
"2226";"CI-Module";"3";"16320"
"2234";"Cocktail-Sets";"1";"16380"
"2235";"Colorationen";"16";"16387"
"2236";"Computer Komplettsysteme";"3";"16397"
"2237";"Computer-Kühler";"6";"16404"
"2238";"Computer-Mäuse";"6";"16409"
"2239";"Computergehäuse";"5";"16413"
"2240";"Crepesmaker";"4";"16417"
"2241";"Crosstrainer";"4";"16421"
"2243";"Dachdurchführungen";"1";"16426"
"2244";"Dachfensteröffner";"3";"16428"
"2245";"Dachpappen";"4";"16431"
"2308";"Dämmmaterialien";"12";"16766"
"2246";"Dampf-Tapetenablöser";"1";"16434"
"2247";"Dampfbügelstationen";"1";"16435"
"2309";"Dämpfer";"1";"16770"
"2248";"Dampfgarer";"5";"16440"
"2249";"Dartautomaten";"1";"16441"
"2250";"Daybetten";"6";"16444"
"2251";"Deckel";"15";"16451"
"2252";"Defibrillatoren";"2";"16464"
"2253";"Dekobecher";"4";"16465"
"2254";"Dekofiguren";"36";"16502"
"2255";"Dekogeweihe";"1";"16505"
"2256";"Dekohänger";"6";"16510"
"2257";"Dekokamine";"3";"16512"
"2258";"Dekokränze";"5";"16516"
"2259";"Dekorationsfolien";"4";"16521"
"2260";"Dekorierstifte";"1";"16524"
"2261";"Dekoschalen";"5";"16529"
"2262";"Dekosterne";"1";"16530"
"2263";"Deodorante";"10";"16533"
"2264";"Dermaroller";"3";"16541"
"2265";"Desktop-PCs";"14";"16550"
"2266";"Diabetrachter";"1";"16558"
"2267";"Diaprojektoren";"1";"16559"
"2268";"Diarahmen";"1";"16560"
"2269";"Dichtlippen";"6";"16565"
"2270";"Dichtmassen";"10";"16576"
"2271";"Dichtungsbänder";"9";"16577"
"2272";"Dichtungsringe";"2";"16586"
"2273";"Dichtungsschellen";"2";"16588"
"2274";"Digital-Bilderrahmen";"2";"16590"
"2275";"Disketten";"3";"16594"
"2276";"Displayfolien";"4";"16596"
"2242";"DJ-Controller";"1";"16425"
"2277";"Dockingstationen";"6";"16604"
"2278";"Dokumentenmappen";"8";"16610"
"2310";"Dörrautomaten";"2";"16772"
"2279";"Dosenöffner";"3";"16615"
"2280";"Dosierspender";"13";"16621"
"2295";"Drähte";"9";"16694"
"2281";"Drahtseilklemmen";"2";"16630"
"2282";"Drechselbänke";"1";"16631"
"2283";"Drehmaschinen";"5";"16633"
"2284";"Drehstähle";"1";"16637"
"2285";"Dreiräder";"1";"16638"
"2286";"Drohnen";"9";"16645"
"2287";"Drohnen-Rettungssysteme";"1";"16648"
"2288";"Druckbehälter";"3";"16649"
"2289";"Drucker";"27";"16660"
"2290";"Druckerbänder";"1";"16679"
"2291";"Druckertinte";"1";"16680"
"2292";"Druckluftschläuche";"1";"16681"
"2293";"Drucksprühgeräte";"3";"16684"
"2294";"Druckspüler";"2";"16685"
"2311";"Dübel";"28";"16781"
"2296";"Duftlampen";"1";"16696"
"2312";"Düngemittel";"18";"16805"
"2297";"Dunstabzugshauben";"9";"16705"
"2298";"Durchlauferhitzer";"5";"16708"
"2299";"Duschhocker";"5";"16713"
"2300";"Duschkabinen";"6";"16720"
"2302";"Duschköpfe";"7";"16726"
"2301";"Duschkopfhalterungen";"4";"16724"
"2303";"Duschstühle";"3";"16733"
"2304";"Duschtüren";"10";"16745"
"2305";"Duschvorhänge";"4";"16749"
"2307";"Duschwände";"4";"16756"
"2306";"Duschwannen";"4";"16751"
"2313";"Düsen";"14";"16823"
"2314";"E-Bike Umbausätze";"2";"16834"
"2315";"Echolote";"2";"16835"
"2316";"Edelsteine";"2";"16838"
"2317";"Eierbecher";"1";"16839"
"2318";"Eierkocher";"2";"16840"
"2319";"Eimer";"12";"16848"
"2320";"Einachser";"8";"16856"
"2321";"Einbaurahmen";"5";"16863"
"2322";"Eindeckrahmen";"2";"16867"
"2323";"Einfädelhilfen";"2";"16869"
"2324";"Eingabegeräte-Sets";"5";"16874"
"2325";"Eingabestifte";"2";"16877"
"2326";"Einkaufskörbe";"8";"16879"
"2327";"Einkochautomaten";"5";"16889"
"2328";"Einlegeböden";"4";"16893"
"2329";"Einlegesohlen";"25";"16907"
"2330";"Eisenbahn-Schienensets";"2";"16920"
"2331";"Eisfreihalter";"1";"16922"
"2332";"Eiskübel";"6";"16923"
"2333";"Eismaschinen";"2";"16929"
"2334";"Eispickel";"1";"16931"
"2335";"Eiswürfelbereiter";"4";"16934"
"2336";"Elastikbodenbeläge";"2";"16936"
"2337";"Elektro-Kinderfahrzeuge";"9";"16942"
"2338";"Elektro-Muskel-Stimulationsgeräte";"12";"16956"
"2339";"Elektroauto-Ladestationen";"1";"16959"
"2340";"Elektroden";"2";"16960"
"2341";"Elektrofahrräder";"2";"16962"
"2342";"Elektrofußwärmer";"1";"16964"
"2343";"Elektrohaarbürsten";"5";"16967"
"2344";"Elektrohautpflegebürsten";"2";"16970"
"2345";"Elektrohornhautentferner";"1";"16972"
"2346";"Elektrokaminöfen";"1";"16973"
"2347";"Elektrokardiogramm-Geräte";"1";"16974"
"2348";"Elektromobile";"1";"16975"
"2349";"Elektromotorroller";"3";"16977"
"2350";"Elektropfannen";"8";"16982"
"2351";"Elektrorasierer";"5";"16991"
"2352";"Elektroreinigungsbürsten";"4";"16995"
"2353";"Elektrowerkzeug-Funktionsaufsätze";"1";"16996"
"2354";"Elektrowerkzeug-Ständer";"5";"16999"
"2355";"Elektrozahnbürsten";"6";"17007"
"2356";"Entkerner";"2";"17008"
"2357";"Entsafter";"6";"17013"
"2358";"Epilierer";"4";"17018"
"2359";"Equalizer";"1";"17020"
"2360";"Erdbohrer";"2";"17021"
"2361";"Ersatzbrenner";"6";"17023"
"2362";"Erste-Hilfe-Sets";"4";"17029"
"2363";"Essbesteck-Sets";"7";"17033"
"2364";"Essgabeln";"10";"17045"
"2365";"Esslöffel";"21";"17069"
"2366";"Essmesser";"8";"17078"
"2367";"Essstäbchen";"1";"17079"
"2368";"Etagenbetten";"1";"17080"
"2369";"Etiketten";"4";"17084"
"2370";"Experimentierkästen";"1";"17085"
"2502";"Fächer";"2";"17833"
"2371";"Fahnen";"10";"17093"
"2372";"Fahrradanhänger";"4";"17097"
"2373";"Fahrradbremsen";"13";"17101"
"2374";"Fahrradcomputer";"3";"17113"
"2392";"Fahrräder";"27";"17176"
"2375";"Fahrradgabeln";"2";"17116"
"2376";"Fahrradhalterungen";"4";"17121"
"2377";"Fahrradketten";"3";"17122"
"2378";"Fahrradklingeln";"1";"17125"
"2379";"Fahrradkurbeln";"1";"17126"
"2380";"Fahrradlampen";"3";"17127"
"2381";"Fahrradlenker";"1";"17130"
"2382";"Fahrradnaben";"2";"17131"
"2383";"Fahrradparksysteme";"1";"17133"
"2384";"Fahrradpedale";"12";"17135"
"2385";"Fahrradrahmen";"1";"17146"
"2386";"Fahrradreifen";"1";"17147"
"2390";"Fahrradsättel";"2";"17154"
"2387";"Fahrradschaltungen";"3";"17149"
"2388";"Fahrradschaltzüge";"1";"17151"
"2389";"Fahrradschläuche";"1";"17152"
"2391";"Fahrradträger";"5";"17156"
"2393";"Fahrzeug-Schubstangen";"1";"17187"
"2394";"Fahrzeug-Spielwelten";"10";"17197"
"2395";"Fahrzeugheber";"4";"17201"
"2396";"Fahrzeugspiegel";"4";"17203"
"2397";"Fahrzeugstoßstangen";"2";"17207"
"2398";"Faltbetten";"8";"17213"
"2399";"Faltenbälge";"1";"17216"
"2400";"Falttür-Lamellen";"1";"17217"
"2401";"Falzmaschinen";"1";"17218"
"2402";"Fanghandschuhe";"2";"17220"
"2403";"Farben";"77";"17244"
"2404";"Farbmittel";"4";"17299"
"2405";"Farbroller";"6";"17307"
"2406";"Farbsprühgeräte";"2";"17309"
"2407";"Faszien-Boards";"1";"17310"
"2408";"Feilen";"5";"17311"
"2409";"Felgenbäume";"1";"17316"
"2410";"Fellkämme";"15";"17324"
"2411";"Fellpflegemittel";"6";"17332"
"2412";"Fenster";"6";"17338"
"2414";"Fensterbänke";"1";"17347"
"2413";"Fensterbilder";"3";"17344"
"2415";"Fensterfolien";"4";"17348"
"2416";"Fenstergriffe";"2";"17352"
"2417";"Fensterläden";"1";"17354"
"2418";"Fensterreiniger";"5";"17358"
"2419";"Fensterstopper";"1";"17360"
"2420";"Fernbedienungen";"8";"17362"
"2421";"Ferngläser";"9";"17376"
"2422";"Fernlenkfahrzeuge";"21";"17397"
"2423";"Fernseher";"13";"17399"
"2424";"Festplatten";"17";"17419"
"2425";"Festplatten-Einbaurahmen";"2";"17429"
"2426";"Feuchtigkeitsmessgeräte";"3";"17431"
"2427";"Feuerkörbe";"6";"17436"
"2428";"Feuerlöscher";"5";"17444"
"2429";"Feuerraumauskleidungen";"1";"17445"
"2430";"Feuerroste";"2";"17447"
"2431";"Feuerzeuge";"3";"17448"
"2432";"Fidget-Gadgets";"2";"17451"
"2433";"Filamente";"1";"17453"
"2434";"Filme";"5";"17458"
"2435";"Filmklappen";"2";"17459"
"2436";"Filteranlagen";"13";"17466"
"2437";"Filterkartuschen";"27";"17482"
"2438";"Filterkartuschen-Reinigungsgeräte";"1";"17501"
"2439";"Filterköpfe";"2";"17502"
"2440";"Filtermaterialien";"8";"17506"
"2441";"Fingerringe";"19";"17526"
"2442";"Finnen";"4";"17532"
"2443";"Finnen-Adapter";"1";"17535"
"2444";"Fischtöter";"1";"17536"
"2445";"Fitnessgeräte-Computer";"1";"17537"
"2446";"Fitnessringe";"7";"17541"
"2447";"Fitnessrollen";"4";"17546"
"2448";"Fitnessstäbe";"2";"17550"
"2449";"Fitnesstracker";"8";"17552"
"2450";"Flachverbinder";"7";"17562"
"2451";"Flambierbrenner";"1";"17566"
"2452";"Flaschenhalter";"9";"17568"
"2456";"Flaschenöffner";"2";"17580"
"2453";"Flaschensauger";"2";"17577"
"2454";"Flaschenträger";"1";"17578"
"2455";"Flaschenverschlüsse";"1";"17579"
"2457";"Fleischgabeln";"2";"17583"
"2458";"Fleischklopfer";"3";"17584"
"2459";"Fliegen";"2";"17587"
"2460";"Fliesen";"7";"17592"
"2461";"Fliesenaufkleber";"1";"17596"
"2462";"Fliesenschneider";"3";"17597"
"2463";"Flipchartblöcke";"1";"17600"
"2464";"Flossen";"2";"17602"
"2465";"Flug-Drachen";"2";"17604"
"2466";"Flüssigkeitsbehälter";"15";"17618"
"2467";"Folien";"3";"17620"
"2468";"Folienbeutel";"13";"17627"
"2469";"Fondues";"2";"17637"
"2470";"Forken";"3";"17638"
"2471";"Formtrennmittel";"4";"17644"
"2472";"Formularblöcke";"2";"17645"
"2473";"Foto-Filme";"5";"17649"
"2474";"Fotoalben";"3";"17653"
"2475";"Fotohintergründe";"4";"17656"
"2476";"Fotokameras";"19";"17673"
"2480";"Fräsköpfe";"22";"17703"
"2481";"Fräsmaschinen";"16";"17726"
"2477";"Frisierköpfe";"3";"17678"
"2478";"Fritteusen";"7";"17681"
"2479";"Frostschutzmittel";"5";"17688"
"2482";"Frühstücks-Sets";"1";"17731"
"2483";"Fugenkratzer";"1";"17732"
"2484";"Fugenmörtel";"2";"17734"
"2485";"Fummelspielzeuge";"10";"17735"
"2486";"Funkgeräte";"3";"17747"
"2487";"Funksteuerungsmodule";"9";"17755"
"2488";"Funktionskissen";"38";"17790"
"2489";"Funkübertragungsgeräte";"1";"17795"
"2495";"Fußbäder";"1";"17819"
"2490";"Fusselrasierer";"4";"17796"
"2496";"Fußketten";"4";"17821"
"2499";"Fußsäcke";"1";"17826"
"2497";"Fußschlaufen";"1";"17824"
"2498";"Fußstützen";"1";"17825"
"2500";"Fußtrainer";"4";"17829"
"2501";"Fußtritte";"2";"17832"
"2491";"Futter-Wurfhilfen";"3";"17800"
"2492";"Futterautomaten";"13";"17813"
"2493";"Futterbälle";"1";"17816"
"2494";"Futterkörbe";"2";"17818"
"2504";"Gabelbaumköpfe";"1";"17844"
"2505";"Garagen";"1";"17845"
"2506";"Garderobenhalter";"3";"17847"
"2507";"Garderobenpaneele";"3";"17850"
"2508";"Garderobenständer";"3";"17852"
"2509";"Gardinen";"31";"17881"
"2510";"Gardinenbefestigungen";"42";"17923"
"2511";"Gardinenstangen";"29";"17956"
"2512";"Gardinenstangenendstücke";"1";"17957"
"2513";"Gardinenstangenhalterungen";"26";"17981"
"2514";"Garne";"10";"17989"
"2515";"Garten-Multifunktionsgeräte";"1";"17994"
"2516";"Gartenbrausen";"12";"18006"
"2517";"Gartenfiguren";"5";"18010"
"2518";"Gartengeräte-Deflektoren";"3";"18012"
"2519";"Gartenhaus-Anbaudächer";"3";"18016"
"2520";"Gartenhaus-Fundamente";"3";"18019"
"2521";"Gartenhaus-Fußböden";"4";"18022"
"2522";"Gartenhaus-Seitenwände";"8";"18032"
"2523";"Gartenhaus-Terrassen";"1";"18033"
"2524";"Gartenhäuser";"2";"18035"
"2525";"Gartenliegen";"5";"18037"
"2526";"Gartenpflege-Sets";"1";"18041"
"2527";"Gartenscheren-Maschinen";"12";"18045"
"2528";"Gartenstecker";"1";"18054"
"2529";"Gartenstege";"3";"18056"
"2530";"Gasdruckregler";"4";"18058"
"2531";"Gase";"4";"18063"
"2532";"Gaskartuschen";"3";"18066"
"2533";"Gaskocher";"2";"18069"
"2534";"Gebäckpressen";"2";"18071"
"2535";"Gefahrenmelder";"22";"18085"
"2536";"Gefrierschränke";"2";"18096"
"2537";"Gefriertruhen";"1";"18097"
"2538";"Gegensprechanlagen";"1";"18098"
"2539";"Gegenstromanlagen";"1";"18099"
"2541";"Gehörschutzstöpsel";"4";"18104"
"2540";"Gehstöcke";"3";"18101"
"2545";"Geländer";"2";"18117"
"2542";"Geldscheinklammern";"3";"18107"
"2543";"Geldscheinprüfgeräte";"1";"18110"
"2544";"Gelenkköpfe";"5";"18113"
"2546";"Gepäckträger";"4";"18120"
"2548";"Gerätehalterungen";"107";"18171"
"2549";"Gerätehäuser";"4";"18249"
"2550";"Geräteprotektoren";"8";"18258"
"2547";"Geruchsverbesserer";"19";"18125"
"2551";"Gerüste";"4";"18260"
"2552";"Gerüststege";"4";"18267"
"2553";"Geschenkpapier";"7";"18271"
"2554";"Geschirr-Sets";"11";"18282"
"2555";"Geschirrspüler";"5";"18288"
"2556";"Geschirrspülmaschineneinsätze";"6";"18296"
"2557";"Geschirrständer";"9";"18299"
"2558";"Geschirrtücher";"2";"18307"
"2559";"Geschirrwärmer";"3";"18308"
"2560";"Gesichtssolarien";"2";"18311"
"2564";"Gewächshäuser";"7";"18324"
"2561";"Gewichte";"4";"18315"
"2562";"Gewindeschneider";"4";"18320"
"2563";"Gewindestangen";"2";"18322"
"2565";"Gewürzstreuer";"6";"18333"
"2566";"Gießkannen";"1";"18336"
"2567";"Gimbals";"3";"18338"
"2568";"Gipsabdruck-Set";"1";"18340"
"2569";"Glasfasermatten";"2";"18341"
"2572";"Glätteisen";"6";"18352"
"2570";"Gleitgele";"5";"18344"
"2571";"Globen";"1";"18348"
"2573";"Golf-Sets";"2";"18356"
"2574";"Golfschläger";"9";"18361"
"2503";"GPS-Geräte";"9";"17842"
"2575";"Grafikkarten";"1";"18366"
"2576";"Grasimplantate";"1";"18367"
"2577";"Graukarten";"1";"18368"
"2578";"Greifspielzeug";"5";"18372"
"2579";"Griffe";"15";"18383"
"2580";"Griffschalen";"1";"18389"
"2581";"Grillbesteck-Sets";"2";"18390"
"2582";"Grillroste";"7";"18398"
"2583";"Grills";"11";"18407"
"2584";"Gripmittel";"2";"18410"
"2585";"Grundierungen";"16";"18427"
"2586";"Gummibänder";"3";"18430"
"2587";"Gummibärchenmaschinen";"1";"18431"
"2592";"Gürtel";"18";"18460"
"2593";"Gürtelhalter";"1";"18461"
"2588";"Gurtpolster";"1";"18432"
"2589";"Gurtverlängerungen";"1";"18433"
"2590";"Gurtwickler";"6";"18437"
"2591";"Gutscheine";"3";"18440"
"2594";"Haarbürsten";"11";"18471"
"2595";"Haarentfernungsmittel";"6";"18473"
"2596";"Haarfixierungen";"16";"18494"
"2597";"Haarkämme";"11";"18495"
"2598";"Haarpflegemittel";"28";"18532"
"2599";"Haarschmuck";"2";"18535"
"2600";"Haarschneider";"13";"18539"
"2601";"Haarstylingmittel";"21";"18565"
"2602";"Haartrockner";"5";"18570"
"2603";"Hacken";"13";"18577"
"2689";"Häcksler";"3";"19534"
"2604";"Haken";"19";"18594"
"2605";"Hakenleisten";"4";"18609"
"2606";"Halsketten";"41";"18613"
"2607";"Haltegriffe";"14";"18661"
"2608";"Halteklammern";"9";"18668"
"2690";"Hämmer";"9";"19543"
"2609";"Handarbeitsnadeln";"23";"18681"
"2610";"Handballenauflagen";"2";"18699"
"2691";"Händetrockner";"1";"19546"
"2611";"Handhobel";"18";"18715"
"2612";"Handläufe";"1";"18718"
"2613";"Handmuffe";"1";"18719"
"2614";"Handmuskeltrainer";"2";"18720"
"2618";"Handsägen";"7";"18784"
"2615";"Handschlaufen";"1";"18722"
"2616";"Handschuhe";"56";"18750"
"2617";"Handstreuer";"1";"18779"
"2620";"Handtücher";"24";"18800"
"2619";"Handtuchhalter";"11";"18790"
"2621";"Handwalzen";"5";"18825"
"2692";"Hängematten";"4";"19550"
"2693";"Hängemattengestelle";"1";"19551"
"2694";"Hängeregistraturkörbe";"1";"19552"
"2622";"Hanteln";"12";"18832"
"2623";"Hantelscheiben";"4";"18841"
"2624";"Hantelstangen";"7";"18844"
"2625";"Hantelstangenverschlüsse";"4";"18853"
"2626";"Hantelstationen";"4";"18856"
"2627";"Hardware-Anschlussbuchsen";"5";"18862"
"2628";"Hartbodenbeläge";"16";"18864"
"2629";"Haushaltsgeräteadapter";"7";"18880"
"2630";"Haushaltsgeräteschläuche";"12";"18887"
"2631";"Hausmäntel";"11";"18908"
"2632";"Hausmüllpressen";"1";"18909"
"2633";"Haustiertränken";"5";"18914"
"2634";"Hautpflegebürsten";"8";"18920"
"2635";"Hautpflegebürstenaufsätze";"3";"18924"
"2636";"Hautpflegemittel";"118";"19010"
"2637";"Hautreinigungsmittel";"58";"19053"
"2638";"Hebewerkzeuge";"11";"19107"
"2639";"Hefter";"1";"19113"
"2640";"Heftklammern";"2";"19114"
"2641";"Heimkinosysteme";"2";"19117"
"2642";"Heimtrainer";"8";"19122"
"2652";"Heißklebepistolen";"2";"19174"
"2653";"Heißluftgeräte";"3";"19178"
"2643";"Heizdecken";"4";"19128"
"2644";"Heizkissen";"12";"19141"
"2645";"Heizkörper";"8";"19145"
"2646";"Heizkörperthermostate";"1";"19150"
"2647";"Heizmatten";"4";"19154"
"2649";"Heizstäbe";"1";"19169"
"2648";"Heizstrahler";"14";"19168"
"2650";"Heizungsspeicher";"3";"19170"
"2651";"Heizwickler";"1";"19173"
"2654";"Helme";"26";"19179"
"2655";"Hemden";"18";"19222"
"2656";"Herdabdeckplatten";"3";"19225"
"2657";"Herdsets";"9";"19226"
"2658";"Herrendiener";"1";"19235"
"2659";"Himmelbettgarnituren";"1";"19236"
"2660";"Hindernismarker";"1";"19237"
"2661";"Hintergrundsysteme";"2";"19239"
"2662";"Hobelmaschinen";"9";"19241"
"2663";"Hochbetten";"1";"19249"
"2664";"Hochdruckreiniger";"6";"19253"
"2665";"Hochdruckreiniger-Düsen";"6";"19259"
"2666";"Hochstuhlaufsätze";"1";"19262"
"2667";"Hochteiche";"1";"19263"
"2668";"Hocker";"22";"19266"
"2669";"Hockeyschläger";"7";"19292"
"2670";"Hohlnadeladapter";"1";"19293"
"2671";"Hollywoodschaukeln";"1";"19294"
"2672";"Holzdübel";"3";"19296"
"2673";"Holzspaltmaschinen";"3";"19298"
"2674";"Homewear-Sets";"8";"19304"
"2695";"Hörgeräte";"5";"19555"
"2675";"Hornhautentferneraufsätze";"6";"19310"
"2676";"Hornhautfeilen";"3";"19316"
"2696";"Hörspiele";"8";"19562"
"2677";"Hosen";"172";"19459"
"2678";"Hosenhalter";"1";"19490"
"2679";"Hosenketten";"1";"19491"
"2680";"Hosenträger";"1";"19492"
"2681";"Hot-Dog-Maker";"1";"19493"
"2682";"Hubwagen";"6";"19498"
"2683";"Hufstäbchen";"4";"19501"
"2697";"Hüllen";"70";"19613"
"2684";"Humidore";"1";"19504"
"2698";"Hüpfburgen";"1";"19636"
"2699";"Hüpfspielzeug";"4";"19639"
"2700";"Hürden";"2";"19642"
"2685";"Hussen";"16";"19513"
"2686";"Hutablagen";"1";"19521"
"2701";"Hüte";"15";"19656"
"2687";"Hydraulikleitungen";"2";"19523"
"2688";"Hygieneartikel";"10";"19530"
"2704";"Induktionsheizgeräte";"1";"19662"
"2705";"Inhalationsaufsätze";"1";"19663"
"2706";"Inhalationsgeräte";"1";"19664"
"2707";"Inhalatoren";"3";"19667"
"2708";"Injektionsnadeln";"3";"19668"
"2709";"Inlineskates/Rollschuhe";"4";"19673"
"2710";"Insektenhotels";"1";"19675"
"2711";"Insektenschutzgitter";"8";"19681"
"2702";"IPL-Haarentferner";"3";"19658"
"2703";"IPL-Lampeneinsätze";"1";"19661"
"2712";"Isomatten";"3";"19686"
"2713";"Jacken";"80";"19763"
"2714";"Jalousien";"4";"19768"
"2715";"Jeans";"50";"19797"
"2716";"Joghurtbereiter";"1";"19821"
"2721";"Kabel";"52";"19917"
"2722";"Kabelbinder";"1";"19948"
"2723";"Kabelführungen";"3";"19950"
"2724";"Kabelverbinder";"22";"19952"
"2725";"Kaffeefilter";"7";"19974"
"2726";"Kaffeemaschinen";"21";"19986"
"2727";"Kaffeemühlen";"1";"20002"
"2728";"Kaffeevollautomaten";"3";"20004"
"2729";"Kalender";"32";"20022"
"2852";"Kältesprays";"2";"20756"
"2730";"Kamera-GPS-Empfänger";"1";"20038"
"2731";"Kamerahalterungs-Sets";"2";"20040"
"2732";"Kaminholzlager";"2";"20041"
"2735";"Kaminöfen";"10";"20051"
"2733";"Kaminofen-Erweiterungssegmente";"1";"20043"
"2734";"Kaminofen-Steuergeräte";"2";"20045"
"2736";"Kampfsportgeräte";"1";"20056"
"2737";"Kannen";"12";"20068"
"2738";"Kantenanleimgeräte";"1";"20069"
"2739";"Kantenschleifer";"1";"20070"
"2740";"Kapselgehörschutz";"1";"20071"
"2741";"Kapselhalter";"2";"20072"
"2742";"Karabiner";"6";"20076"
"2743";"Karaffen";"6";"20082"
"2744";"Kartenhalter";"1";"20086"
"2745";"Kartonagen";"3";"20089"
"2746";"Kartuschenpistolen";"8";"20094"
"2747";"Kassensysteme";"3";"20098"
"2748";"Kastenmöbel-Sets";"12";"20102"
"2750";"Kaufläden";"1";"20115"
"2749";"Kaufladensortimente";"2";"20113"
"2751";"Kauschen";"1";"20116"
"2752";"Kauspielzeuge";"5";"20121"
"2753";"Keder";"1";"20122"
"2754";"Kehrgeräte";"2";"20124"
"2755";"Keile";"9";"20133"
"2756";"Keilrahmen";"1";"20134"
"2757";"Kerzen";"16";"20136"
"2758";"Kerzenhalter";"21";"20163"
"2759";"Kescher";"3";"20172"
"2760";"Kettennieter";"1";"20175"
"2761";"Kettensägen";"3";"20177"
"2762";"Kettensägen-Ersatzschwerter";"1";"20179"
"2763";"Kettenumwerfer";"1";"20180"
"2717";"KFZ-Anhänger";"6";"19825"
"2718";"KFZ-Diagnosegeräte";"3";"19829"
"2719";"KFZ-Waagen";"2";"19831"
"2764";"Kickertische";"4";"20184"
"2765";"Kinder-Einkaufswagen";"1";"20185"
"2766";"Kinder-Sicherheitsgurte";"3";"20188"
"2767";"Kinder-Sitzauflagen";"4";"20189"
"2768";"Kindercomputer";"2";"20193"
"2769";"Kindersicherungen";"1";"20195"
"2770";"Kindersitz-Befestigungen";"6";"20200"
"2771";"Kindersitz-Bezüge";"1";"20202"
"2772";"Kindersitze";"4";"20205"
"2773";"Kinderwagen";"12";"20210"
"2774";"Kinderwagen-Adapter";"1";"20219"
"2775";"Kinderwagen-Aufsätze";"2";"20220"
"2776";"Kinderwagen-Handwärmer";"1";"20222"
"2777";"Kissen";"23";"20234"
"2778";"Kissenbezüge";"9";"20254"
"2779";"Kissenfüllungen";"2";"20256"
"2780";"Kite-Blasen";"1";"20257"
"2781";"Kite-Releasesysteme";"2";"20258"
"2782";"Kitebars";"1";"20260"
"2783";"Klebebänder";"23";"20267"
"2784";"Klebstoffe";"20";"20296"
"2785";"Kleider";"68";"20311"
"2786";"Kleiderbügel";"6";"20372"
"2788";"Kleidersäcke";"2";"20380"
"2787";"Kleiderstangen";"1";"20378"
"2789";"Kleinboote";"23";"20387"
"2790";"Kleinlederwaren";"10";"20410"
"2791";"Kleintierklettergerüste";"3";"20416"
"2792";"Kleistergeräte";"1";"20417"
"2793";"Klettergerüste";"4";"20421"
"2794";"Klicker";"2";"20422"
"2795";"Klimageräte";"5";"20428"
"2796";"Klimageräte-Nachfüllpacks";"6";"20432"
"2797";"Klimmzugstangen";"3";"20436"
"2798";"Kneten";"6";"20441"
"2799";"Knicklichter";"1";"20444"
"2800";"Kniebänke";"1";"20445"
"2801";"Kniekissen";"2";"20447"
"2802";"Knöpfe";"3";"20449"
"2720";"KOB Set-Artikel";"63";"19882"
"2803";"Kochbesteck-Sets";"2";"20451"
"2853";"Köcher";"3";"20760"
"2804";"Kochfelder";"6";"20454"
"2805";"Kochlöffel";"15";"20460"
"2806";"Kochmesser";"33";"20489"
"2807";"Kochmesser-Sets";"1";"20507"
"2808";"Kochplatten";"7";"20512"
"2809";"Koffer";"19";"20529"
"2810";"Koffer-Sets";"2";"20535"
"2811";"Kofferwaagen";"2";"20536"
"2812";"Kompasse";"4";"20541"
"2813";"Komplettbetten";"4";"20542"
"2814";"Komplettküchen-Sets";"7";"20551"
"2815";"Komposter";"3";"20554"
"2816";"Kompressoren";"4";"20557"
"2817";"Kondensatsammler";"2";"20560"
"2818";"Kondome";"3";"20564"
"2819";"Kontaktgrill/Standgrill/Tischgrill/Teppanyakigrill";"10";"20566"
"2820";"Kontaktlinsen";"9";"20580"
"2821";"Kontaktlinsenbehälter";"1";"20584"
"2822";"Koordinationsleitern";"1";"20585"
"2823";"Kopfhörer";"25";"20591"
"2824";"Kopfkissen";"29";"20626"
"2825";"Kopfstützen";"4";"20643"
"2826";"Korkenzieher";"3";"20644"
"2854";"Körperfarben";"3";"20763"
"2855";"Körpertattoos";"4";"20764"
"2827";"Korrektionsbrillen";"3";"20648"
"2828";"Korsagen";"2";"20651"
"2829";"Kosmetik-Mischpaletten";"1";"20652"
"2830";"Kosmetikaufbewahrungen";"1";"20653"
"2831";"Kosmetikpinsel";"16";"20665"
"2832";"Kosmetikschwämme";"11";"20670"
"2833";"Kostüme";"1";"20681"
"2834";"Kraftstationen";"8";"20686"
"2835";"Kragen";"4";"20692"
"2837";"Kratzbäume";"3";"20702"
"2836";"Kratzbretter";"6";"20694"
"2838";"Krawatten";"1";"20703"
"2839";"Krawattenhalter";"1";"20704"
"2840";"Krawattennadeln";"3";"20706"
"2841";"Kreativsets";"1";"20708"
"2842";"Kreativvorlagen";"1";"20709"
"2843";"Kreisel";"6";"20712"
"2856";"Küchenformen";"30";"20792"
"2857";"Küchenhelfer-Sets";"9";"20804"
"2858";"Küchenkarussells";"1";"20807"
"2859";"Küchenmaschinen";"5";"20810"
"2860";"Küchenmaschinen-Aufsätze";"40";"20851"
"2861";"Küchenmaschinen-Einsätze";"28";"20856"
"2862";"Küchenmaschinen-Rührelemente";"16";"20882"
"2863";"Küchenmühlen";"12";"20906"
"2864";"Küchenpaletten";"21";"20923"
"2865";"Küchenpressen";"12";"20937"
"2866";"Küchenreiben";"14";"20944"
"2867";"Küchenrollenhalter";"3";"20956"
"2868";"Küchenroste";"4";"20960"
"2869";"Küchenschneider";"20";"20973"
"2870";"Küchensiebe";"18";"20990"
"2871";"Küchenspülen";"5";"21002"
"2872";"Küchenwaagen";"7";"21010"
"2873";"Küchenzangen";"16";"21022"
"2844";"Kugelbahnen";"2";"20717"
"2874";"Kühlakkus";"4";"21030"
"2875";"Kühlboxen";"6";"21036"
"2876";"Kühlgefrier-Sets";"2";"21039"
"2878";"Kühlschränke";"12";"21049"
"2877";"Kühlschrankeinsätze";"2";"21042"
"2845";"Kunstfingernägel";"2";"20719"
"2846";"Kunstharze";"3";"20720"
"2847";"Kunstköder";"1";"20723"
"2879";"Künstlerleinwände";"2";"21056"
"2848";"Kunstpflanzen";"20";"20739"
"2849";"Kunstriffe";"3";"20746"
"2850";"Kunstwimpern";"3";"20749"
"2851";"Kurzzeitmesser";"6";"20751"
"2881";"Ladegeräte";"36";"21077"
"2882";"Laderaumschutzgitter";"6";"21101"
"2883";"Laminatschneider";"2";"21106"
"2884";"Laminierfolien";"1";"21107"
"2885";"Laminiergeräte";"1";"21108"
"2886";"Lampenfassungen";"1";"21109"
"2887";"Lampenfilter";"1";"21110"
"2888";"Lampenschirme";"1";"21111"
"2889";"Lanzetten";"1";"21112"
"2890";"Laptopschlösser";"1";"21113"
"2891";"Lasermessgeräte";"12";"21115"
"2892";"Laserpointer";"2";"21126"
"2893";"Lasttraversen";"11";"21138"
"2894";"Lattenroste";"6";"21143"
"2937";"Lätzchen";"1";"21696"
"2895";"Laubsauger";"9";"21149"
"2896";"Laufbänder";"1";"21154"
"2897";"Lauflernhilfen";"5";"21156"
"2898";"Laufräder";"1";"21160"
"2899";"Laufställe";"2";"21161"
"2900";"Laufwerke";"6";"21165"
"2901";"Launch-Monitore";"1";"21169"
"2938";"Läutewerke";"5";"21701"
"2902";"Lautsprecher";"39";"21175"
"2903";"Lebendköder";"9";"21211"
"2904";"Lebensmittel";"93";"21240"
"2905";"Lebensmittelaufbewahrungsbehälter";"39";"21333"
"2906";"Lebensmittelpinsel";"3";"21351"
"2907";"Leinen";"35";"21381"
"2908";"Leitern";"17";"21391"
"2909";"Leitungssuchgeräte";"1";"21405"
"2910";"Lenkergriffe";"1";"21406"
"2911";"Lenkervorbauten";"1";"21407"
"2912";"Lenkradbezüge";"1";"21408"
"2913";"Lernspielzeug";"4";"21410"
"2914";"Lesezeichen";"1";"21413"
"2915";"Leuchten";"155";"21540"
"2916";"Leuchtmittel";"8";"21571"
"2917";"Lichtanlagen";"6";"21577"
"2918";"Lichterketten";"19";"21598"
"2919";"Lichtformer";"7";"21606"
"2920";"Lichttherapiegeräte";"9";"21614"
"2921";"Liegestützgriffe";"3";"21619"
"2922";"Lineale";"4";"21621"
"2923";"Linsenreiniger";"5";"21626"
"2924";"Lippen-Kosmetika";"19";"21639"
"2880";"LNBs";"6";"21058"
"2925";"Lochsägen";"6";"21654"
"2926";"Lochwände";"1";"21655"
"2927";"Lockenstäbe";"6";"21661"
"2928";"Lockenwickler";"2";"21663"
"2929";"Lockinstrumente";"1";"21664"
"2939";"Löschdecken";"1";"21702"
"2940";"Lötgeräte";"3";"21704"
"2930";"Luftbefeuchter";"2";"21666"
"2931";"Luftbetten";"3";"21668"
"2932";"Luftdruckmessgeräte";"3";"21671"
"2933";"Luftentfeuchter";"3";"21673"
"2934";"Luftmatratzen";"2";"21677"
"2935";"Luftreiniger";"6";"21680"
"2941";"Lüftungsklappen";"2";"21707"
"2936";"Lupen";"12";"21688"
"2943";"Magazinaufsätze";"2";"21716"
"2944";"Magnete";"4";"21721"
"3027";"Mähroboterstationen";"1";"22289"
"2945";"Mainboards";"1";"21722"
"2946";"Malbecher";"1";"21723"
"2947";"Malpaletten";"1";"21724"
"2948";"Malvorlagen";"2";"21726"
"2949";"Manschettenknöpfe";"4";"21727"
"3028";"Mäntel";"23";"22299"
"2950";"Markierwagen";"1";"21731"
"2951";"Markisen";"13";"21740"
"2952";"Markisenschutzdächer";"1";"21745"
"2953";"Maschinen-Führungen";"4";"21748"
"2954";"Maschinenöle";"5";"21754"
"2955";"Massagegeräte";"29";"21778"
"2964";"Maßbänder";"6";"21902"
"2956";"Masten";"7";"21790"
"2957";"Matratzen";"21";"21804"
"2958";"Matratzen-Lattenrost-Sets";"60";"21820"
"2959";"Matratzenzubehör";"8";"21874"
"2960";"Mauerkästen";"1";"21880"
"2961";"Maulkörbe";"4";"21882"
"2962";"Maurerkellen";"9";"21887"
"2963";"Mauspads";"3";"21894"
"2965";"Mehrzwecksauger";"17";"21918"
"2966";"Meißel";"5";"21921"
"2967";"Menage-Sets";"4";"21927"
"2968";"Messbecher";"4";"21929"
"2969";"Messerblöcke";"6";"21936"
"2970";"Messerklingen";"15";"21952"
"2971";"Messerschärfer";"8";"21956"
"2972";"Messlatten";"2";"21962"
"2973";"Messlehren";"4";"21967"
"2974";"Metallbleche";"10";"21975"
"2975";"Metalldetektoren";"1";"21978"
"2976";"Metronome";"1";"21979"
"2977";"Mikrodermabrasionsgeräte";"2";"21981"
"2978";"Mikrofone";"4";"21984"
"2979";"Mikroskope";"25";"21997"
"2980";"Mikrowellen";"2";"22011"
"2981";"Milchaufschäumer";"1";"22013"
"2982";"Milchbehälter";"2";"22014"
"2983";"Milchpump-Sets";"1";"22016"
"2984";"Milchpumpen";"4";"22018"
"2985";"Minibacköfen";"3";"22022"
"2986";"Mischpulte";"1";"22024"
"2987";"Mitesserentferner";"2";"22025"
"2988";"Mixer";"4";"22027"
"3029";"Möbelaufsätze";"12";"22321"
"3030";"Möbelblenden";"6";"22325"
"3031";"Möbelfüße";"8";"22331"
"3032";"Möbelgestelle";"6";"22339"
"3033";"Möbelrollen";"8";"22349"
"3034";"Möbelwangen";"2";"22353"
"2991";"Mobilés";"1";"22057"
"2989";"Mobilleuchten";"22";"22034"
"2990";"Mobiltelefone";"4";"22056"
"2992";"Modellbausätze";"1";"22058"
"2993";"Modelleisenbahn-Erweiterungen";"27";"22082"
"2994";"Modelleisenbahn-Fahrzeuge";"9";"22086"
"2995";"Modelleisenbahnen";"2";"22095"
"2996";"Modellfahrzeuge";"8";"22098"
"2997";"Modellierwerkzeuge";"1";"22105"
"2998";"Modems";"1";"22106"
"2999";"Moderationskoffer";"1";"22107"
"3000";"Modetücher";"29";"22129"
"3001";"Monitore";"17";"22149"
"3002";"Montage-Spezialwerkzeuge";"8";"22157"
"3003";"Montageanker";"1";"22162"
"3004";"Montageständer";"2";"22163"
"3035";"Mörser";"1";"22355"
"3005";"Motivstanzer";"8";"22166"
"3006";"Motorhacken";"3";"22175"
"3007";"Motorhalterungen";"1";"22176"
"3008";"Motorikspielzeug";"7";"22179"
"3009";"Motorroller";"3";"22184"
"3010";"Motorschubkarren";"3";"22189"
"3011";"Motorsensen";"11";"22198"
"2942";"MP3-Player";"8";"21710"
"3012";"Mulch-Kits";"3";"22203"
"3013";"Mulche";"8";"22210"
"3036";"Mülleimer";"13";"22357"
"3014";"Multifunktionswerkzeug-Maschinen";"5";"22212"
"3015";"Multifunktionswerkzeuge";"3";"22217"
"3016";"Multihaarstyler";"3";"22222"
"3017";"Multimediamontagematerialien";"1";"22223"
"3018";"Mundduschen";"5";"22224"
"3019";"Mundharmonikahalter";"1";"22229"
"3020";"Mundharmonikastimmplattensätze";"3";"22231"
"3021";"Mundpflegecenter";"2";"22233"
"3022";"Mundstücke";"8";"22235"
"3023";"Mundwässer";"3";"22245"
"3024";"Musikinstrumentenpedale";"1";"22246"
"3025";"Musikinstrumentenständer";"5";"22247"
"3026";"Muttern";"37";"22263"
"3037";"Mützen";"26";"22379"
"3039";"Nachtsichtgeräte";"1";"22398"
"3040";"Nachziehspielzeug";"4";"22399"
"3066";"Nägel";"24";"22562"
"3041";"Nageletuis";"6";"22406"
"3042";"Nagelfeilen";"8";"22412"
"3043";"Nagellacke";"11";"22427"
"3044";"Nagellackentferner";"6";"22429"
"3045";"Nagelpflegegeräte";"4";"22436"
"3046";"Nagelpflegemittel";"15";"22438"
"3047";"Nagelpistolen";"3";"22454"
"3048";"Nagelschneider";"8";"22462"
"3067";"Nähmaschinen";"6";"22583"
"3068";"Nähmaschinenfüße";"5";"22589"
"3049";"Nahrungsergänzungsmittel";"22";"22475"
"3069";"Näpfe";"7";"22597"
"3038";"NAS-Server";"3";"22395"
"3050";"Nasenreinigungsgeräte";"3";"22488"
"3051";"Naturköder";"5";"22493"
"3052";"Navigationsgeräte";"11";"22504"
"3053";"Netzteile";"16";"22510"
"3054";"Netzwerk-Panels";"2";"22522"
"3055";"Netzwerk-Switches";"1";"22523"
"3056";"Netzwerkschränke";"4";"22524"
"3057";"Nierengurte";"1";"22528"
"3058";"Nieten";"2";"22529"
"3059";"Notebooks";"7";"22535"
"3060";"Notenpulte";"1";"22538"
"3061";"Notentriegelungen";"2";"22539"
"3062";"Notizbücher";"12";"22544"
"3063";"Notizzettel";"3";"22554"
"3064";"Nudelmaschinen";"2";"22557"
"3065";"Nussknacker";"1";"22558"
"3070";"Nützlinge";"7";"22601"
"3071";"Oberflächenpflegemittel";"40";"22614"
"3072";"Objektivadapter";"2";"22649"
"3073";"Objektivdeckel";"4";"22653"
"3074";"Objektive";"20";"22671"
"3075";"Objektivfilter";"19";"22684"
"3076";"Objektivfilterhalter";"2";"22693"
"3077";"Objektivhalterungen";"2";"22695"
"3078";"Objektträger";"1";"22697"
"3079";"Obstpflücker";"1";"22698"
"3080";"Ohrenreiniger";"4";"22700"
"3081";"Ohrringe";"23";"22710"
"3082";"Ordner";"5";"22726"
"3899";"Ösen";"2";"28837"
"3083";"Osternester";"1";"22731"
"3084";"Outdoorduschen";"2";"22733"
"3085";"Outdoormesser";"13";"22734"
"3086";"Overalls";"22";"22754"
"3090";"Paddel";"6";"22777"
"3091";"Paneele";"9";"22779"
"3092";"Papierdekoration";"20";"22804"
"3093";"Papiere";"29";"22808"
"3094";"Papierschneidegeräte";"4";"22838"
"3095";"Papiertücher";"6";"22845"
"3096";"Paraffinbäder";"1";"22846"
"3097";"Parallelschaltboxen";"1";"22847"
"3098";"Parfüms";"12";"22858"
"3099";"Pavillondächer";"1";"22860"
"3100";"Pavillons";"6";"22866"
"3101";"Pavillonseitenteile";"2";"22867"
"3087";"PC-Geräuschdämmungen";"1";"22769"
"3088";"PC-Slotblenden";"1";"22770"
"3089";"PC-Steuerungsmodule";"1";"22771"
"3102";"Peitschen";"10";"22872"
"3103";"Pergolen";"1";"22879"
"3104";"Periskope";"1";"22880"
"3105";"Personenwaagen";"2";"22881"
"3106";"Perücken";"6";"22884"
"3107";"Pfannen";"15";"22901"
"3108";"Pfeile";"6";"22906"
"3109";"Pfeilfedern";"1";"22910"
"3110";"Pferdedecken";"18";"22921"
"3111";"Pferdegebisse";"6";"22931"
"3112";"Pferdesättel";"6";"22936"
"3113";"Pflanzen";"38";"22943"
"3114";"Pflanzgefäße";"22";"23000"
"3115";"Pflanzzwiebeln";"1";"23001"
"3116";"Pflaster";"14";"23009"
"3117";"Pfotenschutz";"3";"23016"
"3118";"Piercings";"23";"23028"
"3119";"Pinnnadeln";"2";"23043"
"3120";"Pinsel";"15";"23047"
"3121";"Pinzetten";"7";"23061"
"3122";"Pitchgabeln";"1";"23066"
"3123";"Pizzaöfen";"1";"23067"
"3124";"Planen";"25";"23071"
"3125";"Planschbecken";"2";"23094"
"3126";"Plattenspieler";"4";"23097"
"3127";"Platzsets";"1";"23099"
"3128";"Plektren";"1";"23100"
"3129";"Plissees";"10";"23104"
"3131";"Plüschfiguren";"3";"23113"
"3130";"Plyo-Boxen";"1";"23111"
"3132";"Poliermaschinen";"5";"23116"
"3133";"Polierpads";"1";"23120"
"3134";"Polklemmen";"2";"23121"
"3135";"Polsterauflagen";"17";"23128"
"3136";"Polsterelemente";"4";"23142"
"3137";"Polstermaterialien";"2";"23144"
"3138";"Poolbodensauger";"2";"23146"
"3139";"Popcornmaschinen";"2";"23148"
"3140";"Porenreinigungsgeräte";"4";"23153"
"3141";"Postkarten";"32";"23163"
"3142";"Poufs";"2";"23187"
"3151";"Präparate";"1";"23285"
"3152";"Präzisionswaagen";"1";"23286"
"3143";"Prepaidkarten";"2";"23189"
"3144";"Profile";"22";"23210"
"3145";"Profilverbinder";"6";"23214"
"3146";"Projektionsleinwände";"8";"23223"
"3147";"Propeller";"3";"23226"
"3148";"Prospekthüllen";"2";"23229"
"3149";"Protektoren";"53";"23258"
"3150";"Prozessoren";"1";"23284"
"3153";"Pullover";"37";"23314"
"3154";"Pumpen";"42";"23339"
"3155";"Puppen";"10";"23372"
"3156";"Puppenausstattungen";"34";"23378"
"3157";"Puppenhäuser";"1";"23410"
"3158";"Puppenkleidung";"1";"23411"
"3159";"Puppenmöbel";"12";"23413"
"3160";"Puppentheater";"3";"23425"
"3161";"Puppenwagen";"11";"23429"
"3162";"Putze";"14";"23445"
"3163";"Putztücher";"11";"23460"
"3164";"Puzzleorganizer";"4";"23465"
"3165";"Puzzles";"7";"23467"
"3166";"Pylonen";"6";"23479"
"3167";"Quads";"3";"23482"
"3168";"Queues";"2";"23484"
"3170";"Racketsportschläger";"9";"23494"
"3171";"Raclettes";"2";"23495"
"3242";"Räder";"14";"24115"
"3172";"Radiergummis";"1";"23497"
"3173";"Radios";"20";"23511"
"3174";"Radkappen";"2";"23519"
"3175";"Raffhalter";"10";"23525"
"3176";"Raffrollos";"5";"23530"
"3177";"Rampen";"7";"23538"
"3178";"Rankhilfen";"6";"23544"
"3179";"Rasenmäher";"6";"23549"
"3180";"Rasenmähroboter";"1";"23554"
"3181";"Rasentraktoren";"2";"23556"
"3182";"Rasierer";"8";"23558"
"3183";"Rasierklingen";"1";"23565"
"3184";"Rasierpinsel";"3";"23566"
"3185";"Rasierschalen";"3";"23571"
"3186";"Rasierschäume";"8";"23579"
"3187";"Rasiersets";"3";"23582"
"3188";"Rasseln";"6";"23584"
"3243";"Räucherboxen";"3";"24128"
"3244";"Räucherdeko";"8";"24131"
"3245";"Räucheröfen";"1";"24138"
"3189";"Raumthermostate";"3";"23590"
"3190";"Receiver";"13";"23599"
"3191";"Rechen";"11";"23610"
"3192";"Rechenschieber";"1";"23616"
"3193";"Reduzierringe";"2";"23618"
"3194";"Reflektoren";"6";"23619"
"3195";"Regale";"54";"23652"
"3196";"Regenschirme";"10";"23679"
"3197";"Regenschirmständer";"1";"23689"
"3198";"Regenschutz";"8";"23693"
"3199";"Regentonnen";"3";"23698"
"3200";"Regentonnenfüllautomaten";"1";"23701"
"3201";"Reifendecken";"5";"23703"
"3202";"Reifenmontagemaschinen";"2";"23707"
"3203";"Reifenwuchtmaschinen";"1";"23709"
"3204";"Reinigungs-CDs";"1";"23710"
"3205";"Reinigungs-Sets";"9";"23715"
"3206";"Reinigungsbürsten";"26";"23728"
"3207";"Reinigungsmittel";"122";"23762"
"3208";"Reiskocher";"1";"23868"
"3210";"Reißverschlüsse";"1";"23871"
"3211";"Reißwerkzeuge";"6";"23877"
"3209";"Reizangeln";"2";"23869"
"3212";"Relais";"7";"23883"
"3213";"Reparatur-Sets";"14";"23893"
"3214";"Rettungsgürtel";"2";"23900"
"3215";"Reusen";"4";"23902"
"3169";"RFID-Chips";"1";"23485"
"3216";"Rindenschäler";"5";"23909"
"3217";"Rinnen";"6";"23912"
"3218";"Roboter";"8";"23918"
"3246";"Röcke";"44";"24144"
"3219";"Rohlinge";"3";"23926"
"3220";"Rohrbieger";"2";"23928"
"3221";"Rohre";"43";"23940"
"3222";"Rohrreinigungsmaschinen";"2";"23972"
"3223";"Rohrreinigungswerkzeuge";"6";"23977"
"3224";"Rohrverbinder";"1";"23980"
"3225";"Rollatoren";"3";"23983"
"3226";"Rollbretter";"2";"23984"
"3227";"Rollenspielzeug";"17";"23987"
"3228";"Roller";"11";"24006"
"3232";"Rollläden";"5";"24021"
"3229";"Rollladenmotoren";"3";"24014"
"3230";"Rollladenstopper";"1";"24017"
"3231";"Rollladenwellen";"3";"24019"
"3233";"Rollos";"20";"24044"
"3234";"Rollsammler";"1";"24046"
"3235";"Rollstühle";"3";"24047"
"3236";"Rollwagen";"7";"24055"
"3247";"Röstgeräte";"2";"24183"
"3237";"Router";"12";"24067"
"3248";"Rückencremer";"1";"24185"
"3249";"Rückenlehnen";"6";"24188"
"3238";"Rucksäcke";"34";"24093"
"3239";"Rudergeräte";"3";"24103"
"3250";"Rührer";"2";"24193"
"3251";"Rührwerke";"1";"24194"
"3240";"Rutschautos";"3";"24106"
"3241";"Rutschen";"4";"24111"
"3252";"Rüttelplatten";"2";"24195"
"3253";"Sackkarren";"2";"24197"
"3598";"Sägeblätter";"9";"26858"
"3599";"Sägeketten";"1";"26860"
"3600";"Sägemaschinen";"49";"26890"
"3254";"Sahnesyphons";"1";"24199"
"3255";"Saiten";"4";"24203"
"3256";"Saiteninstrumente";"25";"24211"
"3257";"Saiteninstrumentenmechaniken";"1";"24229"
"3258";"Saitenschoner";"1";"24230"
"3259";"Sakkos";"17";"24234"
"3260";"Salatschleudern";"1";"24248"
"3261";"Salzelektrolysegeräte";"1";"24249"
"3601";"Sämereien";"5";"26912"
"3262";"Sammelkarten";"1";"24250"
"3263";"Sand-Spielzeug";"5";"24254"
"3264";"Sande";"12";"24267"
"3265";"Sandkästen";"1";"24268"
"3266";"Sandstrahlgeräte";"2";"24270"
"3267";"Sandwichmaker";"4";"24271"
"3268";"Satellitenschüsseln";"5";"24277"
"3269";"Satfinder";"1";"24280"
"3270";"Sattelbezüge";"3";"24283"
"3271";"Sattelstützen";"2";"24285"
"3272";"Sattelunterlagen";"3";"24286"
"3273";"Saugroboter";"3";"24290"
"3274";"Sauna-Steuergeräte";"2";"24293"
"3275";"Saunaöfen";"3";"24296"
"3276";"Saunen";"4";"24298"
"3277";"Schaber";"9";"24307"
"3278";"Schablonen";"17";"24321"
"3389";"Schächte";"9";"25357"
"3390";"Schädlingsbekämpfungsmittel";"12";"25364"
"3391";"Schädlingsschutznetze";"8";"25382"
"3392";"Schäkel";"5";"25385"
"3279";"Schallpegelmessgeräte";"1";"24327"
"3280";"Schalter";"8";"24333"
"3281";"Schalthebel";"1";"24336"
"3282";"Schaltwerke";"1";"24337"
"3283";"Schaltwerkhalterungen";"1";"24338"
"3393";"Schärfgeräte";"4";"25390"
"3284";"Schaufeln";"5";"24341"
"3285";"Schaukeln";"5";"24346"
"3286";"Schaukelsitze";"7";"24350"
"3287";"Schaukeltiere";"4";"24357"
"3288";"Scheibenbremssättel";"1";"24360"
"3289";"Scheibenfräser";"4";"24363"
"3290";"Scheren";"29";"24382"
"3291";"Scherköpfe";"12";"24401"
"3292";"Schichtdickenmessgeräte";"2";"24407"
"3293";"Schilder";"9";"24416"
"3294";"Schirmhalterungen";"7";"24418"
"3295";"Schlafanalysegeräte";"1";"24424"
"3297";"Schlafsäcke";"19";"24435"
"3296";"Schlafsackinletts";"1";"24425"
"3298";"Schlafzimmermöbel-Sets";"6";"24449"
"3314";"Schlägel";"8";"24642"
"3315";"Schlägerdämpfer";"1";"24645"
"3299";"Schlaginstrumente";"56";"24454"
"3300";"Schlagklötzer";"1";"24507"
"3301";"Schlagpolster";"2";"24508"
"3302";"Schlagtrainingsgeräte";"1";"24510"
"3303";"Schlauchadapter";"1";"24511"
"3316";"Schläuche";"29";"24668"
"3304";"Schlauchtrommeln";"7";"24515"
"3305";"Schlauchverbinder";"20";"24531"
"3306";"Schleifaufsätze";"19";"24545"
"3307";"Schleifmaschinen";"43";"24599"
"3308";"Schleifpapiere";"10";"24601"
"3309";"Schleppstangen";"1";"24611"
"3310";"Schleuderstäbe";"1";"24612"
"3311";"Schließbleche";"4";"24616"
"3312";"Schließzylinder";"4";"24620"
"3313";"Schlitten";"16";"24623"
"3317";"Schlüsselanhänger";"3";"24677"
"3318";"Schlüsselkästen";"1";"24678"
"3319";"Schmiermittel";"14";"24684"
"3320";"Schmink-Sets";"6";"24697"
"3321";"Schmuck-Sets";"9";"24704"
"3322";"Schmuck-Wechselteile";"10";"24716"
"3323";"Schmuckanhänger";"36";"24732"
"3324";"Schmuckständer";"1";"24754"
"3325";"Schmutzfänger";"4";"24756"
"3326";"Schnallen";"1";"24759"
"3327";"Schneebesen";"3";"24761"
"3328";"Schneefräsen";"3";"24765"
"3329";"Schneeketten";"1";"24766"
"3330";"Schneeschieber";"3";"24769"
"3331";"Schneidebretter";"11";"24778"
"3332";"Schneidemaschinen";"8";"24785"
"3333";"Schneiderpuppen";"3";"24791"
"3334";"Schneideunterlagen";"2";"24792"
"3335";"Schneidewerkzeuge";"17";"24797"
"3336";"Schneidhilfen";"7";"24816"
"3337";"Schnellkochtopfventile";"2";"24818"
"3338";"Schnorchel";"1";"24820"
"3339";"Schnuffeltücher";"5";"24821"
"3340";"Schnuller";"1";"24826"
"3341";"Schnullerbefestigungen";"1";"24827"
"3344";"Schnürsenkel";"1";"24833"
"3342";"Schnurstopper";"3";"24830"
"3343";"Schnurverbinder";"2";"24832"
"3345";"Schokobrunnen";"1";"24834"
"3346";"Schornsteine";"11";"24838"
"3347";"Schrankbetten";"2";"24847"
"3359";"Schränke";"89";"25025"
"3348";"Schrankinneneinteiler";"3";"24849"
"3349";"Schranktüren";"2";"24851"
"3350";"Schrauben";"32";"24864"
"3351";"Schraubendreher";"2";"24886"
"3352";"Schraubenschlüssel";"21";"24906"
"3353";"Schrauber";"27";"24932"
"3354";"Schraubstöcke";"5";"24935"
"3355";"Schreibblöcke";"7";"24945"
"3356";"Schreibgeräteetuis";"3";"24949"
"3357";"Schreibmaschinen";"1";"24950"
"3358";"Schreibunterlagen";"1";"24951"
"3360";"Schubkarren";"1";"25041"
"3361";"Schubkarrenwannen";"2";"25043"
"3362";"Schubladen";"12";"25052"
"3363";"Schubladenboxen";"1";"25056"
"3364";"Schubladeneinsätze";"6";"25059"
"3365";"Schuhe";"170";"25215"
"3366";"Schuhputzmaschinen";"1";"25233"
"3367";"Schuhschoner";"1";"25234"
"3368";"Schuhständer";"2";"25235"
"3370";"Schuhüberzieher";"2";"25252"
"3369";"Schuhzubehör";"14";"25246"
"3371";"Schulhefte";"2";"25253"
"3372";"Schulterpolster";"4";"25255"
"3394";"Schürfleisten";"2";"25393"
"3395";"Schürzen";"8";"25399"
"3396";"Schüsseln";"26";"25402"
"3373";"Schutzbleche";"3";"25259"
"3374";"Schutzboxen";"4";"25262"
"3375";"Schutzfolien";"4";"25267"
"3376";"Schutzgamaschen";"11";"25275"
"3377";"Schutzgitter";"12";"25292"
"3378";"Schutznetze";"4";"25294"
"3379";"Schutzpolsterungen";"13";"25302"
"3380";"Schutzvisiere";"2";"25311"
"3388";"Schwämme";"8";"25351"
"3381";"Schwammhalter";"1";"25312"
"3382";"Schweißbänder";"1";"25313"
"3383";"Schweißgeräte";"6";"25316"
"3384";"Schwibbögen";"6";"25323"
"3385";"Schwimmbecken";"10";"25334"
"3386";"Schwimmhilfen";"8";"25336"
"3387";"Schwimmwesten";"2";"25344"
"3397";"Segel";"2";"25429"
"3398";"Segelmastfüße";"1";"25430"
"3399";"Sehnen";"4";"25432"
"3400";"Seifenblasenspiele";"5";"25436"
"3401";"Seifenhalter";"4";"25443"
"3402";"Seile";"18";"25447"
"3403";"Seilführungen";"4";"25465"
"3404";"Seilspanner";"3";"25468"
"3405";"Sekretäre";"3";"25470"
"3406";"Selbstbräunungsmittel";"13";"25477"
"3407";"Selfie-Sticks";"2";"25486"
"3408";"Sensen";"6";"25489"
"3409";"Sensoren";"19";"25493"
"3410";"Servierglocken";"4";"25513"
"3411";"Servierplatten";"11";"25518"
"3412";"Servietten";"2";"25528"
"3413";"Serviettenhalter";"1";"25529"
"3414";"Serviettenringe";"1";"25530"
"3415";"Sessel";"22";"25532"
"3416";"Sesselschoner";"3";"25554"
"3417";"Setzstöcke";"5";"25560"
"3418";"Shaker";"5";"25562"
"3419";"Shirts";"62";"25588"
"3420";"Sicherheitsbügel";"2";"25628"
"3421";"Sicherheitsgruppen";"3";"25632"
"3422";"Sicherheitsschlösser";"39";"25639"
"3423";"Sicherungsgeräte";"1";"25672"
"3424";"Sicherungsgurte";"6";"25673"
"3425";"Sicherungshalter";"5";"25683"
"3426";"Sichtscheiben";"2";"25685"
"3427";"Sichtschutzbedienstäbe";"1";"25686"
"3428";"Sichtschutzbefestigungen";"25";"25704"
"3429";"Sichtschutzzüge";"12";"25723"
"3430";"Sideboards";"25";"25740"
"3431";"Signalpfeifen";"6";"25753"
"3432";"Siphons";"1";"25755"
"3433";"Sitzbänke";"18";"25758"
"3434";"Sitzmöbel-Sets";"13";"25776"
"3436";"Sitzsäcke";"1";"25788"
"3435";"Sitzschalen";"1";"25787"
"3437";"Skateboards";"7";"25794"
"3438";"Skier";"17";"25807"
"3439";"Slalomstangen";"2";"25813"
"3440";"Smart-Home-Stationen";"19";"25826"
"3441";"Smartwatches";"4";"25837"
"3442";"Snowboards";"2";"25838"
"3443";"Sockel";"2";"25841"
"3444";"Sockelleisten";"6";"25844"
"3445";"Socken";"58";"25881"
"3446";"Sofas";"24";"25922"
"3447";"Solarmodule";"5";"25934"
"3448";"Sonnenbrillen";"6";"25940"
"3449";"Sonnenkollektoren";"1";"25941"
"3450";"Sonnenschutzmittel";"10";"25942"
"3451";"Sonnensegel";"4";"25954"
"3452";"Sonnenuhren";"1";"25956"
"3453";"Soundkarten";"2";"25957"
"3454";"Sous-Vide-Garer";"2";"25959"
"3455";"Spachtel";"19";"25961"
"3456";"Spannbacken";"4";"25981"
"3457";"Spannfutter";"7";"25988"
"3458";"Spanngurte";"2";"25992"
"3459";"Spannungsprüfer";"3";"25994"
"3460";"Spannungsregler";"4";"25999"
"3461";"Spardosen";"1";"26000"
"3462";"Spaten";"1";"26001"
"3463";"Speichenschutznetze";"1";"26002"
"3464";"Speichererhitzer";"5";"26003"
"3465";"Speicherkarten";"2";"26008"
"3466";"Speicherladestationen";"1";"26010"
"3467";"Speiseringe";"3";"26013"
"3468";"Speiseteller";"23";"26023"
"3469";"Spiegel";"20";"26038"
"3470";"Spielautomaten";"8";"26057"
"3471";"Spielbausteine";"8";"26069"
"3472";"Spielbögen";"3";"26074"
"3473";"Spiele";"2";"26076"
"3474";"Spielecontroller";"39";"26087"
"3475";"Spielekonsolen";"4";"26117"
"3476";"Spielesoftware";"1";"26121"
"3477";"Spielfahrzeug-Anhänger";"7";"26127"
"3478";"Spielfahrzeug-Lenkräder";"3";"26131"
"3479";"Spielfeldbegrenzungen";"3";"26132"
"3480";"Spielfiguren";"6";"26136"
"3481";"Spielfigurenwelten";"1";"26141"
"3482";"Spielgeld";"1";"26142"
"3483";"Spielgeschirr";"3";"26144"
"3484";"Spielhäuser";"1";"26146"
"3485";"Spielkasse";"1";"26147"
"3486";"Spielküchen";"2";"26149"
"3487";"Spieltelefone";"2";"26150"
"3488";"Spieltische";"3";"26153"
"3489";"Spieltunnel";"3";"26157"
"3490";"Spielturm-Erweiterungen";"5";"26161"
"3491";"Spieltürme";"1";"26163"
"3492";"Spieluhren";"1";"26164"
"3493";"Spielwerkzeug";"28";"26174"
"3494";"Spielzelte";"2";"26194"
"3495";"Spielzeug-Gartensets";"4";"26196"
"3496";"Spielzeug-Haushaltsgeräte";"26";"26202"
"3497";"Spielzeug-Musikinstrumente";"3";"26227"
"3498";"Spielzeugeisenbahn-Erweiterungen";"12";"26229"
"3499";"Spielzeugfahrzeug-Erweiterungen";"1";"26240"
"3500";"Spielzeugfahrzeuge";"44";"26283"
"3501";"Spielzeugwaffen";"6";"26287"
"3502";"Spielzeugwaffenmunition";"1";"26291"
"3503";"Spieße";"8";"26297"
"3504";"Splinte";"8";"26306"
"3505";"Splitter";"2";"26309"
"3506";"Sporen";"6";"26311"
"3507";"Sport-Dehnungsgeräte";"1";"26316"
"3508";"Sport-Netze";"13";"26319"
"3509";"Sport-Tore";"5";"26331"
"3510";"Sportanzüge";"16";"26336"
"3511";"Sportbindungen";"6";"26353"
"3513";"Sportbögen";"6";"26371"
"3512";"Sportbrillen";"10";"26365"
"3514";"Sportdummys";"5";"26373"
"3515";"Sportmatten";"25";"26386"
"3516";"Sportstöcke";"10";"26403"
"3517";"Sprachcomputer";"1";"26413"
"3518";"Sprachrohre";"1";"26414"
"3519";"Sprengringe";"2";"26415"
"3520";"Springseile";"1";"26417"
"3521";"Spritzbeutel";"1";"26418"
"3522";"Spritzen";"4";"26419"
"3523";"Spritzschutzwände";"5";"26427"
"3524";"Spritztüllen";"3";"26429"
"3525";"Sprudelmatten";"1";"26431"
"3526";"Sprühpistolen";"9";"26438"
"3527";"Sprühwischer";"1";"26441"
"3528";"Spulen";"6";"26447"
"3529";"Spulenwickler";"1";"26448"
"3530";"Spülkästen";"3";"26449"
"3531";"Spülrohrverbinder";"4";"26454"
"3532";"Staffeleien";"13";"26467"
"3533";"Stahlfedern";"6";"26471"
"3534";"Stahlhalter";"5";"26478"
"3535";"Standfüße";"4";"26483"
"3536";"Standschirmbespannungen";"4";"26486"
"3537";"Standschirme";"5";"26489"
"3538";"Standuhren";"1";"26493"
"3539";"Stapelspielzeug";"1";"26494"
"3540";"Stationärtelefone";"9";"26496"
"3541";"Stative";"14";"26511"
"3542";"Stativköpfe";"10";"26526"
"3543";"Stativschellen";"1";"26528"
"3544";"Staubbeutel";"1";"26529"
"3545";"Staubsaugerdüsen";"48";"26541"
"3546";"Staubsaugerrohre";"3";"26578"
"3547";"Staubwischer";"3";"26583"
"3548";"Staueinsätze";"1";"26584"
"3549";"Stechhilfen";"1";"26585"
"3550";"Steckdosen";"6";"26589"
"3551";"Steckdosenblenden";"2";"26592"
"3552";"Steckdosenleisten";"6";"26597"
"3553";"Steckdosenschalter";"8";"26607"
"3554";"Steckenpferde";"1";"26608"
"3555";"Stecker";"12";"26619"
"3556";"Stecknüsse";"3";"26621"
"3557";"Steckspielzeug";"1";"26624"
"3558";"Stehsammler";"1";"26625"
"3559";"Stehtiere";"5";"26629"
"3560";"Steigbügel";"1";"26631"
"3561";"Steigeisen";"1";"26632"
"3562";"Steine";"10";"26642"
"3563";"Steintrenner";"1";"26643"
"3564";"Stellwände";"3";"26645"
"3565";"Stempel";"4";"26647"
"3566";"Stepper";"4";"26654"
"3567";"Sterilisatoren";"6";"26655"
"3568";"Sternfräsen";"1";"26661"
"3569";"Stickmaschinen";"1";"26662"
"3570";"Stiele";"5";"26665"
"3571";"Stifte";"45";"26695"
"3572";"Stiftminen";"3";"26714"
"3573";"Stimmgeräte";"1";"26716"
"3574";"Stoffe";"1";"26717"
"3575";"Stollen";"2";"26719"
"3590";"Stöpsel";"4";"26790"
"3592";"Stößel";"1";"26797"
"3591";"Stövchen";"5";"26794"
"3576";"Strahlregler";"1";"26720"
"3577";"Strandkörbe";"3";"26721"
"3578";"Streaming-Boxen";"4";"26724"
"3579";"Streuwagen";"2";"26728"
"3580";"Strickjacken";"15";"26731"
"3581";"Strickmaschinen";"3";"26746"
"3582";"Stromerzeuger";"2";"26748"
"3583";"Stromschienensysteme";"5";"26752"
"3584";"Stromverbrauchsmessgeräte";"5";"26755"
"3585";"Strumpfhalter";"3";"26762"
"3586";"Strumpfhosen";"16";"26776"
"3587";"Stubenwagen";"1";"26779"
"3593";"Stühle";"34";"26806"
"3588";"Stulpen";"7";"26782"
"3594";"Stützelemente";"4";"26833"
"3589";"Stutzenhalter";"1";"26787"
"3595";"Surfsport-Gabelbäume";"1";"26836"
"3596";"Sweatjacken";"5";"26841"
"3597";"Sweatshirts";"9";"26844"
"3603";"Tablets/EBookReader";"3";"26917"
"3604";"Tabletts";"3";"26920"
"3605";"Tacker";"9";"26922"
"3606";"Tafeln";"10";"26940"
"3607";"Tagesdecken";"2";"26942"
"3608";"Tankdeckel";"1";"26943"
"3609";"Tanzstangen";"2";"26945"
"3610";"Tapeten";"18";"26948"
"3611";"Taschen";"132";"27021"
"3612";"Taschenanhänger";"3";"27096"
"3613";"Taschenrechner";"1";"27099"
"3614";"Taschenuhren";"3";"27102"
"3615";"Tastaturen";"14";"27109"
"3616";"Tasten";"1";"27117"
"3617";"Tasteninstrumente";"13";"27125"
"3618";"Tauchsets";"1";"27131"
"3619";"Tauchsieder";"1";"27132"
"3620";"Teeautomaten";"4";"27133"
"3621";"Teichdeko";"4";"27139"
"3622";"Teichschalen";"1";"27141"
"3623";"Teigportionierer";"1";"27142"
"3624";"Teigroller";"3";"27143"
"3625";"Teilapparate";"1";"27146"
"3626";"Teint-Kosmetika";"20";"27151"
"3627";"Teleskopauszüge";"5";"27170"
"3628";"Teleskope";"10";"27173"
"3629";"Temperaturmessgeräte";"22";"27182"
"3630";"Teppiche";"33";"27231"
"3631";"Teppichunterlagen";"2";"27237"
"3632";"Terrassendielen";"1";"27239"
"3633";"Terrassenüberdachungen";"3";"27240"
"3634";"Test-Kits";"20";"27250"
"3635";"Thermometerersatzkappen";"1";"27263"
"3636";"Thermopads";"10";"27265"
"3637";"Tiefenanschläge";"2";"27275"
"3638";"Tier-Autodecken";"7";"27281"
"3639";"Tier-Halsbänder";"12";"27291"
"3640";"Tierattrappen";"7";"27297"
"3641";"Tierbarrieren";"14";"27308"
"3642";"Tierbekleidung";"21";"27333"
"3643";"Tierbetten";"13";"27342"
"3644";"Tierfallen";"5";"27350"
"3645";"Tierfernhaltegeräte";"9";"27363"
"3646";"Tiergeschirre";"26";"27380"
"3647";"Tierhäuser";"16";"27394"
"3649";"Tierkäfige";"4";"27410"
"3648";"Tierklappen";"4";"27407"
"3650";"Tierlaufräder";"2";"27415"
"3651";"Tierlockstoffe";"3";"27417"
"3652";"Tiermatratzen";"2";"27419"
"3653";"Tiernahrung";"12";"27432"
"3654";"Tierspielzeuge";"27";"27449"
"3655";"Tierstreu";"18";"27461"
"3656";"Tiertoiletten";"3";"27480"
"3657";"Tiertransportbehälter";"7";"27484"
"3658";"Tiertunnel";"2";"27488"
"3659";"Tintenpatronen";"4";"27493"
"3660";"Tischbeine";"1";"27494"
"3661";"Tischdecken";"6";"27498"
"3662";"Tische";"52";"27515"
"3663";"Tischplatten";"5";"27557"
"3664";"Tischsitze";"1";"27558"
"3665";"Tischtennisplatten";"2";"27559"
"3666";"Tischtennisschläger";"1";"27561"
"3667";"Tischtuchklammern";"1";"27562"
"3668";"Tischuhren";"5";"27566"
"3669";"Toaster";"4";"27570"
"3670";"Toilettenaufsätze";"3";"27572"
"3671";"Toilettenpapierhalter";"2";"27576"
"3672";"Toilettenstühle";"3";"27579"
"3673";"Tonabnehmer";"2";"27580"
"3674";"Tonerpatronen";"4";"27583"
"3707";"Töpfchen";"2";"27831"
"3708";"Töpfe";"25";"27833"
"3675";"Topfeinsätze";"4";"27587"
"3676";"Topflappen";"3";"27591"
"3677";"Topper";"2";"27593"
"3678";"Tops";"35";"27600"
"3679";"Tore";"4";"27632"
"3680";"Tortenmodellierer";"3";"27636"
"3681";"Tragebänder";"9";"27641"
"3682";"Trainingsbänder";"14";"27652"
"3683";"Trainingsbänke";"8";"27663"
"3684";"Trainingshilfen-Sets";"4";"27668"
"3685";"Trampoline";"5";"27673"
"3686";"Transferpressen";"1";"27677"
"3687";"Transportboxen";"5";"27678"
"3688";"Transportsäcke";"5";"27684"
"3689";"Transportwagen";"15";"27700"
"3690";"Trapezhaken";"1";"27703"
"3691";"Trennscheiben";"4";"27707"
"3692";"Treppen";"8";"27713"
"3693";"Treppenstufen";"3";"27716"
"3694";"Tresore";"13";"27728"
"3695";"Tretbretter";"1";"27732"
"3696";"Tretfahrzeuge";"4";"27736"
"3697";"Trichter";"2";"27738"
"3698";"Triggerstäbe";"1";"27739"
"3699";"Trikots";"13";"27750"
"3700";"Trinkblasen";"6";"27757"
"3701";"Trinkflaschen";"6";"27764"
"3702";"Trinkgefäße";"45";"27789"
"3703";"Trockner";"3";"27811"
"3704";"Truhen";"4";"27813"
"3705";"Tuner";"7";"27819"
"3706";"Tuniken";"7";"27829"
"3709";"Tür-Seitenteile";"1";"27858"
"3710";"Türdämpfer";"5";"27861"
"3711";"Türen";"21";"27882"
"3712";"Türgriffe";"8";"27887"
"3713";"Türklingel-Sets";"1";"27893"
"3719";"Türöffner";"1";"27909"
"3714";"Türschließer";"5";"27895"
"3715";"Türschlossantriebe";"1";"27899"
"3716";"Türschlösser";"5";"27900"
"3717";"Türspione";"1";"27905"
"3718";"Türstopper";"3";"27908"
"3602";"TV-Simulatoren";"1";"26915"
"3900";"Überwachungskameras";"11";"28848"
"3724";"Uhrenarmbänder";"4";"27920"
"3725";"Uhrenbeweger";"1";"27924"
"3726";"Ultraschallbäder";"1";"27925"
"3727";"Ultraschallnebler";"3";"27927"
"3728";"Umbauseiten";"1";"27929"
"3729";"Umlenkrollen";"5";"27930"
"3730";"Umluftmodule";"3";"27936"
"3731";"Umzugslaternen";"1";"27938"
"3732";"Unkrautbekämpfungsmittel";"1";"27939"
"3733";"Unkrautbrenner";"1";"27940"
"3734";"Unkrautstecher";"3";"27942"
"3735";"Unterbaubleche";"3";"27944"
"3736";"Untergestelle";"10";"27955"
"3737";"Unterhemden";"7";"27961"
"3738";"Unterhosen";"72";"28001"
"3739";"Unterlegscheiben";"19";"28049"
"3740";"Untersetzer";"18";"28066"
"3741";"Unterstände";"1";"28073"
"3742";"Unterwassergehäuse";"1";"28074"
"3743";"Urinale";"1";"28075"
"3720";"USB-Sticks";"5";"27910"
"3721";"USV-Anlagen";"1";"27915"
"3722";"UV-Leuchtmittel";"2";"27917"
"3723";"UVC-Geräte";"2";"27918"
"3745";"Vakuumierer";"3";"28082"
"3746";"Vasen";"5";"28086"
"3747";"Ventilatoren";"19";"28092"
"3748";"Verdecke";"2";"28109"
"3749";"Verdünnungsmittel";"11";"28113"
"3750";"Verkleidungen";"30";"28139"
"3751";"Verkleidungsmasken";"1";"28152"
"3752";"Verpackungen";"2";"28154"
"3753";"Verriegelungen";"15";"28168"
"3754";"Versandtaschen";"1";"28170"
"3755";"Verschlussklammern";"3";"28173"
"3756";"Verstärker";"15";"28185"
"3757";"Verteiler";"11";"28198"
"3758";"Vertikutierer";"11";"28207"
"3759";"Vibrationsplatten";"1";"28211"
"3760";"Videokassetten";"1";"28212"
"3761";"Visitenkarten";"1";"28213"
"3762";"Vivarien";"6";"28217"
"3763";"Vivarien-Steuergeräte";"7";"28220"
"3764";"Vivarienrückwände";"4";"28229"
"3765";"Vliese";"11";"28237"
"3766";"Vordächer";"7";"28243"
"3767";"Vorhängeschlösser";"4";"28251"
"3768";"Vorsatztüren";"4";"28256"
"3744";"VR-Brillen";"6";"28081"
"3773";"Wachs-Haarentfernungsgeräte";"1";"28270"
"3774";"Wachskämme";"1";"28271"
"3775";"Waffeleisen";"13";"28281"
"3847";"Wählmarken";"1";"28555"
"3776";"Walzenhülsen";"1";"28285"
"3848";"Wälzlager";"3";"28557"
"3777";"Wandabschlussleisten";"6";"28288"
"3778";"Wanddekoobjekte";"2";"28293"
"3779";"Wanddurchführungen";"3";"28294"
"3780";"Wandler";"4";"28300"
"3781";"Wandtattoos";"4";"28304"
"3782";"Wanduhren";"8";"28306"
"3783";"Wanneneinlagen";"3";"28314"
"3784";"Wannenschürzen";"4";"28318"
"3849";"Wärmekissen";"3";"28559"
"3850";"Wärmelampen";"4";"28563"
"3851";"Wärmeleitpasten";"1";"28566"
"3852";"Wärmepumpen";"6";"28570"
"3853";"Wärmespeichersteine";"1";"28573"
"3854";"Wärmflaschen";"2";"28574"
"3785";"Warnaufsteller";"1";"28320"
"3855";"Wäschekugeln";"2";"28577"
"3859";"Wäschesäckchen";"4";"28607"
"3856";"Wäschesammler";"10";"28580"
"3857";"Wäscheschleudern";"2";"28589"
"3858";"Wäscheständer";"14";"28603"
"3786";"Waschmaschinen";"5";"28321"
"3787";"Waschmaschinen-Trockner-Sets";"1";"28326"
"3788";"Waschtischaufsätze";"2";"28328"
"3789";"Waschtische";"7";"28333"
"3790";"Waschtrockner";"4";"28339"
"3791";"Wasserabzieher";"4";"28343"
"3792";"Wasserbahnen";"2";"28345"
"3793";"Wasserbereitergeräte";"5";"28348"
"3794";"Wasserbetten";"1";"28351"
"3795";"Wasserkocher";"4";"28354"
"3796";"Wassermengenzähler";"2";"28357"
"3797";"Wasserpflegemittel";"8";"28358"
"3798";"Wasserrutschen";"1";"28366"
"3799";"Wasserspeier";"4";"28367"
"3800";"Wasserspiele";"4";"28372"
"3801";"Wasserspielzeuge";"4";"28378"
"3802";"Wassersport-Trapeze";"2";"28379"
"3803";"Wassersportboards";"9";"28384"
"3804";"Wassersprudler";"1";"28390"
"3805";"Wassertestgeräte";"6";"28395"
"3806";"Wasserwaagen";"5";"28401"
"3769";"WC-Komplettsets";"1";"28257"
"3770";"WC-Sitze";"4";"28261"
"3771";"WCs";"4";"28265"
"3807";"Wecker";"15";"28413"
"3808";"Weidezaungeräte";"1";"28417"
"3812";"Weihnachtsbäume";"2";"28428"
"3809";"Weihnachtsbaumkugeln";"2";"28418"
"3810";"Weihnachtsbaumschmuck";"7";"28422"
"3811";"Weihnachtsbaumständer";"1";"28427"
"3813";"Weihnachtsdörfer";"5";"28430"
"3814";"Weihnachtskrippen";"1";"28435"
"3815";"Weihnachtspyramiden";"1";"28436"
"3816";"Weinkühlschränke";"7";"28438"
"3817";"Werkbänke";"3";"28445"
"3818";"Werkstattkräne";"2";"28448"
"3819";"Werkstattpressen";"4";"28451"
"3820";"Werkstattwagen";"2";"28453"
"3821";"Werkzeughalterungen";"5";"28458"
"3822";"Werkzeugmaschinen-Sets";"2";"28461"
"3823";"Werkzeugsets";"6";"28462"
"3824";"Westen";"34";"28480"
"3825";"Wetterstationen";"6";"28506"
"3826";"Whirlpools";"1";"28508"
"3827";"Wickelauflagen";"2";"28510"
"3828";"Wickelauflagenbezüge";"1";"28511"
"3829";"Wickelaufsätze";"3";"28512"
"3830";"Wickelkommoden";"1";"28515"
"3831";"Wickeltische";"3";"28518"
"3832";"Wimpernzangen";"1";"28519"
"3833";"Windeln";"2";"28520"
"3834";"Winden";"4";"28524"
"3835";"Windgeneratoren";"1";"28526"
"3838";"Windsäcke";"1";"28532"
"3836";"Windschilde";"4";"28530"
"3837";"Windspiele";"1";"28531"
"3839";"Winkelmesser";"1";"28533"
"3840";"Wippen";"2";"28535"
"3841";"Wirbel";"1";"28536"
"3842";"Wischbezügehalterungen";"1";"28537"
"3843";"Wischblätter";"1";"28538"
"3772";"WLAN-Dongles";"4";"28267"
"3844";"Wohndecken";"13";"28543"
"3845";"Wundertüten";"1";"28552"
"3846";"Wurfscheiben";"2";"28553"
"3860";"Yoga-Blöcke";"2";"28609"
"3861";"Zahnbleachingmittel";"8";"28616"
"3862";"Zahnbürsten";"6";"28623"
"3863";"Zahnbürstenköpfe";"4";"28624"
"3864";"Zahnkränze";"1";"28628"
"3865";"Zahnpastas";"3";"28631"
"3866";"Zahnputzbecher";"2";"28633"
"3867";"Zahnriemen";"1";"28634"
"3868";"Zahnseiden";"2";"28635"
"3869";"Zangen";"43";"28652"
"3870";"Zapfanlagen";"5";"28681"
"3871";"Zapfhähne";"1";"28685"
"3872";"Zauberkästen";"3";"28688"
"3873";"Zaunelemente";"33";"28696"
"3874";"Zaunpfosten";"4";"28724"
"3875";"Zehenkorrektoren";"9";"28731"
"3876";"Zehenringe";"2";"28736"
"3877";"Zeichenblöcke";"6";"28740"
"3878";"Zeitschaltuhren";"4";"28744"
"3879";"Zeitungsständer";"1";"28747"
"3880";"Zelte";"33";"28770"
"3881";"Zeltheringe";"2";"28781"
"3882";"Zeltstangen";"2";"28783"
"3883";"Zement";"5";"28788"
"3884";"Zentrifugen";"3";"28791"
"3885";"Zerkleinerer";"11";"28795"
"3886";"Zielscheiben";"5";"28808"
"3887";"Zirkel";"2";"28810"
"3888";"Zuckerstreuer";"2";"28811"
"3889";"Zuckerwattemaschinen";"1";"28813"
"3890";"Zugeisen";"1";"28814"
"3897";"Zündkerzen";"1";"28830"
"3891";"Zweiraddoppelständer";"2";"28816"
"3892";"Zweiradseitenständer";"4";"28818"
"3893";"Zwiebelpflanzer";"1";"28821"
"3894";"Zwingen";"6";"28827"
"3895";"Zwischenbaurahmen";"1";"28828"
"3896";"Zyklusmessgeräte";"1";"28829"
